STATE,LIB_ID,LIB_NAME,COUNTY,BK_MOB,MS_LIBRARIANS,LIBRARIANS,LOC_GVT,ST_GVT,FED_GVT,OTH_INCM,TOT_INCM,STAFF_EXP,PR_MAT_EXP,EL_MAT_EXP,OTH_MAT_EX,TOT_EXP_CO,OTH_OP_EXP,TOT_OP_EXP,L_CAP_REV,S_CAP_REV,F_CAP_REV,O_CAP_REV,CAP_REV,CAPITAL,BOOKS,EBOOKS,DB_LO_OT,DB_ST,DATABASE,SUBSCRIP,HRS_OPEN,VISITS,CARDHOLDERS,TOT_CIR,EL_MAT_CIR,GPTERMS,PITUSR,YR_SUB,OBEREG,FIPSST,FIPSCO,FIPSPLAC,COUNTY_POP,LAT,LON
KS,KS0094,FORMOSO PUBLIC LIBRARY,JEWELL,0,0,0.25,4842,3366,201,0,8409,,207,0,0,207,,7399,420,0,0,0,420,0,5308,0,0,51,51,40,520,1674,276,1608,0,7,542,2014,4,20,89,23825,3067,39.7804842,-97.9931789
KS,KS0231,NORCATUR PUBLIC LIBRARY,DECATUR,0,0,0.12,2511,1060,0,1000,4571,,1025,0,500,1525,,3525,0,0,0,0,0,0,7780,0,0,51,51,0,664,370,100,1700,0,2,25,2014,4,20,39,50925,2915,39.8339357,-100.189189
KS,KS0014,AXTELL PUBLIC LIBRARY,MARSHALL,0,0,0.3,5960,1411,0,113,7484,,1250,0,161,1411,,7587,0,0,0,0,0,0,5969,0,0,51,51,0,624,2070,202,1835,0,4,629,2014,4,20,117,3600,10028,39.8724771,-96.2591012
ME,264,MONROE COMMUNITY LIBRARY,WALDO,0,0,0,500,0,0,0,500,,367,0,0,367,,367,0,0,0,0,0,0,2100,0,0,0,0,0,1664,600,48,584,0,0,0,2014,1,23,27,0,38975,44.5685775,-69.0060583
ME,310,PALERMO COMMUNITY LIBRARY,WALDO,0,0,0,3712,0,0,2837,6549,,367,0,0,367,,2229,0,0,0,0,0,92,8548,0,66,0,66,0,660,689,761,1302,0,3,1749,2014,1,23,27,0,38975,44.373118,-69.3948386
ND,ND0104,ELGIN PUBLIC LIBRARY,GRANT,0,0,0,2300,431,0,10837,13568,,0,71,0,71,,6016,0,0,0,0,0,0,9800,0,31,25,56,0,2040,4029,226,2099,0,4,590,2014,4,38,37,23020,2371,46.4023898,-101.8455418
NE,NE0008-003,ANSLEY TOWNSHIP LIBRARY,CUSTER,0,0,0.24,4492,0,0,223,4715,,0,0,0,0,,6486,0,0,0,0,0,1827,22324,0,0,20,20,38,312,985,220,1193,-1,5,1309,2014,4,31,41,1535,10796,41.2879706,-99.3806397
SD,FSCS 69,WAGE MEMORIAL LIBRARY,BROWN,0,0,0.13,3299,0,0,71,3370,,458,0,185,643,,3475,0,0,0,0,0,0,3039,0,0,40,40,0,2340,800,1400,1969,0,2,243,2014,4,46,13,26340,38162,45.447608,-98.098644
SD,FSCS 73,TRIPP PUBLIC LIBRARY,HUTCHINSON,0,0,0.13,4500,0,0,468,4968,,249,0,300,549,,4733,0,0,0,0,0,0,6756,0,0,40,40,0,416,5824,251,4089,0,4,273,2014,4,46,67,64020,7170,43.2264285,-97.9670374
TX,169,GROVETON PUBLIC LIBRARY,TRINITY,0,0,0.5,21393,0,0,357,21750,,915,0,0,915,,19939,0,0,0,0,0,0,7280,0,0,0,0,5,1968,2998,593,2469,0,2,1750,2014,6,48,455,31340,14401,31.0612023,-95.1366214
TX,177,HASKELL COUNTY LIBRARY,HASKELL,0,0,0.91,83170,0,0,1045,84215,,5722,0,0,5722,,78294,0,0,0,0,0,0,11968,0,0,51,51,9,2063,9959,2142,30905,0,13,4806,2014,6,48,207,32696,5884,33.1587181,-99.7339024
VT,VERSHIRE,VERSHIRE COMMUNITY,ORANGE,0,0,0,0,0,356,0,356,,131,0,0,131,,1346,0,0,0,0,0,77,4626,0,0,0,0,3,468,1485,322,1164,-1,0,0,2014,1,50,17,0,28879,43.9717054,-72.3359747
AK,AK0003-002,ANDERSON VILLAGE LIBRARY,DENALI,0,0,0.3,7500,6500,0,513,14513,,2349,0,678,3027,,14514,0,0,0,0,0,0,15805,0,0,49,49,7,600,1050,120,1125,0,4,300,2014,8,2,68,3220,1933,64.3435982,-149.1786346
AK,AK0001-002,ANCHOR POINT PUBLIC LIBRARY,KENAI PENINSULA,0,0,0.68,0,14162,876,18757,33795,,3671,0,484,4155,,21598,0,0,0,0,0,0,16761,0,0,49,49,10,1404,9371,480,14808,0,8,2039,2014,8,2,122,3110,57067,59.7796042,-151.8400068
AK,AK0002-011,ANCHORAGE PUBLIC LIBRARY,ANCHORAGE,0,23,27.8,9475176,56224,171974,277194,9980568,6704545,578380,171959,192644,942983,3188828,10836356,0,1763500,0,0,1763500,0,513068,11371,10,49,59,629,10608,804323,102056,1614248,78914,134,141638,2014,8,2,20,3000,301629,61.187677,-149.876781
AK,AK0006-002,KUSKOKWIM CONSORTIUM LIBRARY,BETHEL,0,0,3,67600,6500,0,189469,263569,250491,7139,0,1985,9124,6930,266545,0,0,0,0,0,0,33675,165,138,49,187,50,2652,31226,1219,10546,0,9,18200,2014,8,2,50,6520,17806,60.7857552,-161.8029566
AK,AK0007-002,BIG LAKE PUBLIC LIBRARY,MATANUSKA-SUSITNA,0,0,1,314258,6500,4451,0,325209,252721,22253,0,0,22253,46234,321208,0,0,0,0,0,0,22876,8777,0,49,49,55,2548,43267,2720,62944,2507,23,11236,2014,8,2,170,7070,95892,61.546612,-149.818403
AK,AK0008-002,CANTWELL COMMUNITY LIBRARY,DENALI,0,0,0.5,4000,6500,7000,3424,20924,,4643,0,1025,5668,,20414,0,0,0,0,0,0,13251,0,0,49,49,12,750,2900,145,4785,0,1,750,2014,8,2,68,10150,1933,63.461051,-148.757407
AK,AK0011-002,CHINIAK PUBLIC LIBRARY,KODIAK ISLAND,0,0,0,3000,6500,28598,46200,84298,,3783,40,612,4435,,82215,3000,0,0,0,3000,2600,4895,40,0,49,49,25,480,684,53,720,40,4,149,2014,8,2,150,13860,14115,57.6122291,-152.2325806
AK,AK0014-002,COLD BAY PUBLIC LIBRARY,ALEUTIANS EAST,0,0,0,3300,6500,12660,52800,75260,,1961,0,1469,3430,,75261,0,0,0,0,0,0,7250,0,0,49,49,24,500,1592,105,1804,0,6,384,2014,8,2,13,16530,3351,55.206634,-162.7133916
AK,AK0015-002,COOPER LANDING COMMUNITY LIBRARY,KENAI PENINSULA,0,0,0,2210,6500,10467,12515,31692,,4633,200,708,5541,,29985,0,0,0,0,0,0,3312,116,0,49,49,0,1092,3623,520,3846,200,4,465,2014,8,2,122,0,57067,60.487401,-150.010519
AK,AK0016-002,CORDOVA PUBLIC LIBRARY,VALDEZ-CORDOVA,0,0,3.5,395676,6500,1067,13463,416706,323271,11963,3000,1587,16550,70184,410005,0,0,0,0,0,2081657,22275,8777,1,49,50,32,2444,22694,1981,9902,1115,5,5260,2014,8,2,261,17410,9770,60.5479952,-145.766031
AK,AK0017-003,CRAIG PUBLIC LIBRARY,PR WALES-OUTER KE,0,0,1,112267,13650,9507,35528,170952,,12367,1872,4588,18827,,170087,0,0,0,0,0,0,10243,8777,0,49,49,80,2256,20751,2491,32101,5442,4,4159,2014,8,2,198,17740,6402,55.4761261,-133.1514564
AK,AK0019-002,DELTA COMMUNITY LIBRARY,SE FAIRBANK,0,0,1,197417,6500,16000,3637,223554,130345,12106,1025,500,13631,62637,206613,0,0,0,0,0,0,15392,8777,1,49,50,10,2600,45271,6010,44805,358,8,16827,2014,8,2,240,18620,6969,64.0465711,-145.7334852
AK,AK0020-002,DILLINGHAM PUBLIC LIBRARY,DILLINGHAM,0,0,1,129087,6500,18258,54160,208005,,8288,0,5047,13335,,208134,0,250000,0,0,250000,0,22578,8777,1,49,50,38,1988,32263,2238,20120,980,10,8085,2014,8,2,70,18950,4988,59.0402542,-158.4667361
AK,AK0021-002,EAGLE PUBLIC LIBRARY,SE FAIRBANK,0,0,0.48,2000,6500,21490,61149,91139,,2643,539,3868,7050,,99630,0,0,0,0,0,0,9480,23,1,49,50,37,713,2184,300,8469,1,5,1104,2014,8,2,240,20380,6969,64.786619,-141.201518
AK,AK0075-002,TOK COMMUNITY LIBRARY,SE FAIRBANK,0,0,0,0,11500,856,17525,29881,,2567,0,1138,3705,,25388,0,0,0,0,0,10290,11620,0,0,49,49,10,1409,2674,726,2797,0,4,1082,2014,8,2,240,0,6969,63.910262,-142.214893
AK,AK0023-002,FAIRBANKS NORTH STAR BOROUGH PUBLIC LIBRARY,FAIRBANKS NORTH STAR,1,11,12,5657613,19500,131172,104007,5912292,4698637,382775,125541,109805,618121,578003,5894761,0,190159,0,0,190159,2189385,338612,8971,32,49,81,641,7112,345266,58763,674040,26499,30,99567,2014,8,2,90,24230,100807,64.838318,-147.738617
AK,AK0025-002,CHARLES EVANS COMMUNITY/SCHOOL LIBRARY,YUKON-KOYUKUK,0,0,0.38,17639,6500,6000,541,30680,,3185,0,311,3496,,31391,0,0,0,0,0,0,9421,0,0,49,49,42,750,3513,400,3826,0,2,1250,2014,8,2,290,27530,5654,64.7480237,-156.8723252
AK,AK0027-002,COPPER VALLEY COMMUNITY LIBRARY,VALDEZ-CORDOVA,0,0,0,0,6500,9413,50465,66378,,6390,350,2256,8996,,69749,0,21908,0,0,21908,0,17425,4,1,49,50,18,1508,12992,1226,19614,14,7,2916,2014,8,2,261,0,9770,62.198412,-146.050333
AK,AK0028-002,GUSTAVUS PUBLIC LIBRARY,SKAGWAY-ANGOON,0,0,0.88,41450,6500,3072,26662,77684,,5281,0,0,5281,,77784,0,0,0,0,0,0,11905,0,0,49,49,28,1248,10689,658,7329,0,6,1840,2014,8,2,105,30940,2134,58.4130833,-135.726709
AK,AK0029-002,HAINES BOROUGH PUBLIC LIBRARY,HAINES,0,0,1.8,381855,13673,58862,51918,506308,356370,13647,3000,4217,20864,126978,504212,0,0,0,0,0,0,31834,8777,1,49,50,127,3016,82826,3081,103262,1117,11,20937,2014,8,2,100,31050,2569,59.232844,-135.4480632
AK,AK0030-002,TRI-VALLEY COMMUNITY LIBRARY,DENALI,0,0,0.6,9860,6500,346,37216,53922,,7426,500,479,8405,,38959,0,0,0,0,0,0,23299,8777,0,49,49,19,1120,7881,960,16654,631,7,818,2014,8,2,68,32150,1933,63.8734912,-149.0170333
AK,AK0031-002,HOLLIS PUBLIC LIBRARY,PR WALES-OUTER KE,0,0,0,4000,6500,9777,22725,43002,,1601,0,1464,3065,,46270,0,0,0,0,0,0,18000,2,0,49,49,17,1050,1404,250,2734,0,6,300,2014,8,2,198,0,6402,55.781881,-133.075907
AK,AK0032-002,HOMER PUBLIC LIBRARY,KENAI PENINSULA,0,1,1,835597,9776,12666,53816,911855,518903,41478,4208,4739,50425,145957,715285,0,0,0,0,0,0,38205,8777,4,49,53,145,2917,115918,9598,107737,8630,31,31553,2014,8,2,122,33140,57067,59.640502,-151.544299
AK,AK0033-002,HOPE COMMUNITY LIBRARY,KENAI PENINSULA,0,0,0,0,9869,1000,10402,21271,,3097,0,0,3097,,20871,0,0,0,0,0,0,5925,0,0,49,49,5,1188,2352,169,1508,0,2,780,2014,8,2,122,68560,57067,60.109417,-149.445094
AK,AK0035-004,JUNEAU PUBLIC LIBRARIES,JUNEAU,0,4.75,4.75,2173750,19500,121312,20938,2335500,1683182,117482,24979,20428,162889,467608,2313679,0,0,0,0,0,0,121027,95494,11,49,60,415,7584,290318,21012,180667,9562,59,40176,2014,8,2,110,36400,32626,58.2984755,-134.4036617
AK,AK0037-002,KASILOF PUBLIC LIBRARY,KENAI PENINSULA,0,0,0.75,13280,6500,8020,6241,34041,,3351,0,405,3756,,45059,0,0,0,0,0,0,12598,0,0,49,49,24,1008,4500,365,5117,0,5,1960,2014,8,2,122,16420,57067,60.3125872,-151.2603381
AK,AK0038-002,KENAI COMMUNITY LIBRARY,KENAI PENINSULA,0,3,3.35,841955,6500,7406,5063,860924,554266,57906,6699,4587,69192,156550,780008,0,0,0,0,0,0,76637,8899,0,49,49,129,3072,100955,12207,139822,10368,40,16339,2014,8,2,122,38420,57067,60.5585732,-151.2442311
AK,AK0039-002,KETCHIKAN PUBLIC LIBRARY,KETCHIKAN GATEWAY,0,3.96,4.35,1733060,7934,0,53701,1794695,927288,85572,5549,77722,168843,235067,1331198,0,4803785,0,76916,4880701,8704970,58939,8777,4,49,53,172,2538,125338,8308,141873,5018,6,9127,2014,8,2,130,38970,13695,55.352711,-131.650729
AK,AK0040-002,A. HOLMES JOHNSON MEMORIAL LIBRARY,KODIAK ISLAND,0,1,1,825846,10161,3953,3637,843597,682854,52547,2940,3429,58916,87029,828799,0,0,0,0,0,12822650,71566,8777,0,49,49,128,3344,164190,10501,136525,4205,14,49574,2014,8,2,150,40950,14115,57.7939208,-152.3986029
AK,AK0041-002,CHUKCHI CONSORTIUM LIBRARY,NORTHWEST ARCTIC,0,1,2.25,133641,13000,7213,148214,302068,194309,15240,0,6004,21244,73087,288640,0,0,0,0,0,0,21420,0,210,49,259,98,2792,32300,1497,10196,0,14,7800,2014,8,2,188,41830,7697,66.8970613,-162.5928328
AK,AK0044-002,MCGRATH COMMUNITY LIBRARY,YUKON-KOYUKUK,0,0,0.5,6000,6500,8404,50844,71748,,3526,500,0,4026,,59218,6000,0,0,0,6000,0,13610,0,0,49,49,18,1040,3557,353,879,0,9,1175,2014,8,2,290,30060,5654,62.909259,-160.065507
AK,AK0046-002,CENTENNIAL LIBRARY,PR WALES-OUTER KE,0,0,1,40650,6500,7280,0,54430,,4277,0,431,4708,,64368,0,0,0,0,0,0,13069,9162,2,49,51,21,960,2654,339,1589,45,11,1650,2014,8,2,198,48870,6402,55.128483,-131.575207
AK,AK0047-004,MARTIN MONSEN REGIONAL LIBRARY,BRISTOL BAY,0,0,1,295878,13000,5900,1157,315935,228017,9064,0,3010,12074,44497,284588,0,0,0,0,0,0,12948,0,0,49,49,14,3224,9282,467,6495,0,13,3553,2014,8,2,60,39630,955,58.6820703,-156.6675022
AK,AK0048-002,NENANA PUBLIC LIBRARY,YUKON-KOYUKUK,0,0,0.8,90767,6500,16066,7132,120465,,6569,191,2249,9009,,112057,0,0,0,0,0,0,7297,228,0,49,49,10,1664,6196,1048,8210,8,7,1768,2014,8,2,290,53050,5654,64.5624425,-149.0928496
AK,AK0051-002,NINILCHIK COMMUNITY LIBRARY,KENAI PENINSULA,0,0,0.38,5189,6500,4472,14211,30372,,3451,0,696,4147,,29740,0,0,0,0,0,0,9825,0,0,49,49,2,1450,4420,1103,7935,0,5,1154,2014,8,2,122,31710,57067,60.0277445,-151.6922728
AK,AK0052-002,KEGOAYAH KOZGA LIBRARY,NOME,0,0,1,274711,8481,13599,42211,339002,222480,20334,0,211,20545,88789,331814,0,0,0,0,0,0,20082,0,0,49,49,37,2244,26000,2113,14772,0,8,10438,2014,8,2,180,54920,9884,64.4973222,-165.4054974
AK,AK0053-002,NORTHWAY COMMUNITY/SCHOOL LIBRARY,SE FAIRBANK,0,0,0.25,24860,6500,0,0,31360,,4499,0,1310,5809,,34347,0,0,0,0,0,0,4325,0,0,49,49,28,480,900,80,1145,0,1,400,2014,8,2,240,56220,6969,62.95927,-141.9362156
AK,AK0055-002,PALMER PUBLIC LIBRARY,MATANUSKA-SUSITNA,0,0,1,616321,6500,5953,6199,634973,375693,34739,0,0,34739,117144,527576,0,0,0,0,0,0,58117,8999,0,49,49,51,2288,97082,8855,140462,8643,18,14967,2014,8,2,170,58660,95892,61.599967,-149.113048
AK,AK0056-002,PELICAN PUBLIC LIBRARY,SKAGWAY-ANGOON,0,0,0.25,17600,6500,12685,25479,62264,,1287,0,2135,3422,,55141,0,0,0,0,0,0,9990,0,0,49,49,38,728,2980,312,4020,0,3,523,2014,8,2,105,59650,2134,57.9587365,-136.2239227
AK,AK0057-002,PETERSBURG PUBLIC LIBRARY,WRANGELL-PETERSBU,0,1,1,273190,6500,9578,16466,305734,211847,13721,3000,7000,23721,36660,272228,1300707,3043966,0,520000,4864673,3918240,25744,8023,0,49,49,112,2550,67269,3181,72938,3039,2,3577,2014,8,2,195,0,3213,56.851799,-133.131502
AK,AK0058-002,JESSIE WAKEFIELD MEMORIAL LIBRARY,KODIAK ISLAND,0,0,0.5,3000,6500,20752,45427,75679,,1957,0,952,2909,,69168,0,0,0,0,0,0,9504,38,0,49,49,24,1140,2387,188,2105,50,5,732,2014,8,2,150,63610,14115,57.86639,-152.883684
AK,AK0061-002,ST. PAUL ISLAND SCHOOL/COMMUNITY LIBRARY,ALEUTIANS WEST,0,0,0.3,5121,6500,5040,1270,17931,,4606,0,0,4606,,22971,0,0,0,0,0,0,13280,3,2,49,51,43,960,3600,323,2980,0,14,1300,2014,8,2,16,66470,5692,57.1209898,-170.2800724
AK,AK0064-002,SELDOVIA PUBLIC LIBRARY,KENAI PENINSULA,0,0,0,0,6500,4054,11162,21716,,3718,0,771,4489,,17075,0,0,0,0,0,0,8315,0,0,49,49,16,913,4743,317,6213,0,10,750,2014,8,2,122,68340,57067,59.4386818,-151.7145869
AK,AK0065-002,SEWARD COMMUNITY LIBRARY MUSEUM,KENAI PENINSULA,0,1,2,431089,6500,8541,18612,464742,312126,15419,0,3207,18626,146956,477708,0,1331351,507104,0,1838455,5052637,29341,8777,5,49,54,48,3172,60298,6941,47481,2029,9,10976,2014,8,2,122,68560,57067,60.1016983,-149.4387634
AK,AK0067-002,KETTLESON MEMORIAL LIBRARY,SITKA,0,1.6,3,852387,6500,2978,12000,873865,554939,72500,4100,16100,92700,228486,876125,0,5700000,0,0,5700000,37000,65635,8777,2,49,51,284,3592,122015,12797,122928,2598,12,47773,2014,8,2,220,70540,9014,57.0495852,-135.3345211
AK,AK0068-002,SKAGWAY PUBLIC LIBRARY,SKAGWAY-ANGOON,0,0,1,195173,6500,2978,2009,206660,,7334,0,472,7806,,299651,525000,667000,0,100000,1292000,1292000,8412,15,0,49,49,50,2040,10800,1652,7471,0,5,6066,2014,8,2,230,70760,1012,59.4606145,-135.3080232
AK,AK0069-002,SOLDOTNA PUBLIC LIBRARY,KENAI PENINSULA,0,1,1,348446,6500,780,2348,358074,266059,41688,200,6257,48145,34242,348446,0,0,0,0,0,0,42200,8777,0,49,49,140,2804,64012,8755,47414,326,6,5453,2014,8,2,122,71640,57067,60.4835693,-151.0674151
AK,AK0070-002,SUTTON PUBLIC LIBRARY/COMMUNITY RESOURCE CENTER,MATANUSKA-SUSITNA,0,0,1,269014,6500,791,0,276305,,16254,0,0,16254,,276304,0,0,0,0,0,0,13907,8777,0,49,49,37,2132,23833,964,18890,888,7,3301,2014,8,2,170,74525,95892,61.705952,-148.977161
AK,AK0072-002,TALKEETNA PUBLIC LIBRARY,MATANUSKA-SUSITNA,0,0,1.63,242961,6500,3795,0,253256,177656,27665,0,0,27665,48114,253435,385000,2800000,0,0,3185000,89708,16102,8777,0,49,49,43,2184,36292,3231,59649,2977,10,9996,2014,8,2,170,74830,95892,62.3215917,-150.1080973
AK,AK0073-002,TANANA COMMUNITY/SCHOOL LIBRARY,YUKON-KOYUKUK,0,0,0.5,5000,6500,0,56638,68138,,2080,0,1420,3500,,69325,0,0,0,0,0,0,9230,0,0,49,49,27,380,1450,238,1395,0,4,450,2014,8,2,290,0,5654,65.329839,-151.957314
AK,AK0074-002,DERMOTT O'TOOLE MEMORIAL LIBRARY,SKAGWAY-ANGOON,0,0,0.25,11551,6500,8193,23760,50004,,3000,0,1666,4666,,50616,0,0,0,0,0,0,6685,52,0,49,49,1,800,2062,206,2825,13,8,433,2014,8,2,105,76260,2134,57.7800673,-135.2169506
AK,AK0077-002,VALDEZ CONSORTIUM LIBRARY,VALDEZ-CORDOVA,0,1,1,410009,6500,3978,22120,442607,280748,20971,3000,3058,27029,90381,398158,0,0,0,0,0,0,49450,8777,239,49,288,109,2860,38042,757,22041,1821,10,6955,2014,8,2,261,82200,9770,61.129882,-146.353396
AK,AK0078-002,WASILLA PUBLIC LIBRARY,MATANUSKA-SUSITNA,0,3,3,994579,6500,1500,37625,1040204,832849,64956,1008,12389,78353,127296,1038498,0,175000,0,0,175000,18819,54186,8789,0,49,49,83,2002,88878,10818,168011,9967,7,15786,2014,8,2,170,83080,95892,61.583125,-149.441482
AK,AK0080-002,WILLOW PUBLIC LIBRARY,MATANUSKA-SUSITNA,0,0,1.88,258094,6500,3719,0,268313,192335,18211,0,0,18211,57768,268314,0,0,0,0,0,0,23840,8777,0,49,49,50,2300,46138,2544,36337,2344,11,6227,2014,8,2,170,0,95892,61.33519,-150.851603
AK,AK0081-002,IRENE INGLE PUBLIC LIBRARY,WRANGELL,0,0,1,271703,7052,21747,2379,302881,233054,25287,1500,0,26787,34077,293918,0,0,0,0,0,0,33802,8777,2,49,51,73,1858,27180,1275,40209,614,7,5200,2014,8,2,275,86380,2404,56.4730653,-132.386938
AK,AK0082-002,AKIAK SCHOOL/COMMUNITY LIBRARY,BETHEL,0,0,0.25,39890,6500,4620,0,51010,,4374,0,250,4624,,45913,0,0,0,0,0,0,9003,0,1,49,50,30,480,4500,320,6389,0,7,1600,2014,8,2,50,870,17806,60.917795,-161.228344
AK,AK0085-002,FRANCES KIBBLE KENNY LAKE PUBLIC LIBRARY,VALDEZ-CORDOVA,0,0,0,0,6500,12926,18463,37889,,2319,0,2148,4467,,40962,0,0,0,0,0,0,7931,0,0,49,49,5,984,3029,616,4243,0,3,710,2014,8,2,261,0,9770,61.709958,-144.043021
AK,AK0087-002,KOYUK PUBLIC LIBRARY,NOME,0,0,0.5,26839,6500,13661,59400,106400,,2865,802,0,3667,,98331,0,0,0,0,0,0,3180,0,0,49,49,10,1040,2340,350,3417,0,5,1664,2014,8,2,180,41940,9884,64.93803,-161.141837
AK,AK0091-002,TULUKSAK SCHOOL/COMMUNITY LIBRARY,BETHEL,0,0,0.38,17000,6500,0,0,23500,,6082,0,450,6532,,27526,0,0,0,0,0,0,8940,0,0,49,49,20,720,3700,300,3852,0,7,1800,2014,8,2,50,78790,17806,61.107769,-160.952397
AK,AK0094-010,TUZZY CONSORTIUM LIBRARY,NORTH SLOPE,0,2,2,688125,52000,180472,256148,1176745,561737,47581,14147,8851,70579,406347,1038663,0,0,0,0,0,0,51312,13580,10,49,59,152,6168,56314,2441,34881,195,35,20281,2014,8,2,185,5200,9733,71.2984603,-156.7534146
AK,AK0095-002,AKIACHAK SCHOOL/COMMUNITY LIBRARY,BETHEL,0,0,0.5,52412,6500,0,0,58912,,4236,1614,400,6250,,48875,0,0,0,0,0,0,13575,0,0,49,49,0,480,8565,596,9289,0,3,4050,2014,8,2,50,61080,17806,59.012567,-161.825068
AK,AK0097-002,ESTHER GREENWALD LIBRARY,SKAGWAY-ANGOON,0,0,0.25,34152,6500,10380,21417,72449,,7515,3200,1000,11715,,84248,0,0,0,0,0,0,17405,8777,4,49,53,17,1560,7900,601,4549,113,9,4212,2014,8,2,105,33360,2134,58.1082582,-135.4385608
AK,AK0099-002,MOOSE PASS PUBLIC LIBRARY,KENAI PENINSULA,0,0,0,0,9900,10726,7213,27839,,3590,0,2530,6120,,24368,0,0,0,0,0,0,6808,57,0,49,49,5,876,1233,302,5988,0,4,338,2014,8,2,122,50190,57067,60.4873228,-149.3684553
AK,AK0100-002,NIKOLAI COMMUNITY/SCHOOL LIBRARY,YUKON-KOYUKUK,0,0,0.25,3000,6500,14246,0,23746,,5676,0,1000,6676,,20628,0,0,0,0,0,0,5000,44,0,49,49,10,480,1696,70,1148,0,7,620,2014,8,2,290,54150,5654,63.010723,-154.377316
AK,AK0101-002,SAND POINT COMMUNITY/SCHOOL LIBRARY,ALEUTIANS EAST,0,0,0.38,37233,6500,0,0,43733,,13269,34,1065,14368,,57991,0,0,0,0,0,0,19220,0,0,49,49,55,800,21450,935,20684,0,22,10728,2014,8,2,13,67020,3351,55.3533513,-160.4813624
AK,AK0102-002,EGEGIK VILLAGE LIBRARY,LAKE AND PENINSULA,0,0,0.5,9508,6500,13900,52800,82708,,743,503,2772,4018,,81106,0,0,0,0,0,0,3784,13,0,49,49,22,1008,680,112,1000,0,2,280,2014,8,2,164,21150,1662,58.210776,-157.345234
AK,AK0103-002,TRAPPER CREEK PUBLIC LIBRARY,MATANUSKA-SUSITNA,0,0,0.75,135244,6500,0,0,141744,,14265,0,0,14265,,141701,0,0,0,0,0,0,13254,8771,1,49,50,39,1270,6106,733,12277,681,8,2608,2014,8,2,170,78680,95892,62.3072213,-150.246221
AK,AK0104-002,HOLY CROSS COMMUNITY/SCHOOL LIBRARY,YUKON-KOYUKUK,0,0,0.25,2900,6500,28573,46420,84393,,6782,0,0,6782,,82774,0,0,0,0,0,0,5840,0,0,49,49,20,480,1817,167,1123,0,6,1117,2014,8,2,290,0,5654,62.057258,-160.023886
AK,AK0113-002,OUZINKIE TRIBAL MEDIA CENTER,KODIAK ISLAND,0,0,0.75,19084,6500,7000,43680,76264,,1195,0,4718,5913,,76015,0,0,0,0,0,0,2229,0,0,49,49,18,1560,4160,110,2338,0,11,3224,2014,8,2,150,58550,14115,57.9225351,-152.4946421
AK,AK0114-002,ST. GEORGE ISLAND SCHOOL/COMMUNITY LIBRARY,ALEUTIANS WEST,0,0,0.25,5466,6500,12040,8475,32481,,6099,6066,641,12806,,32480,0,0,0,0,0,0,5200,210,1,49,50,18,672,975,33,212,65,19,256,2014,8,2,16,65800,5692,56.581679,-169.616909
AK,AK0115-002,UNALASKA PUBLIC LIBRARY,ALEUTIANS WEST,0,1,1,686513,6500,15436,39600,748049,448854,23153,1284,16983,41420,197929,688203,0,0,0,0,0,0,39301,0,0,49,49,136,3484,138955,7249,267630,0,24,65086,2014,8,2,16,80770,5692,53.8704886,-166.5295673
AK,AK0116-002,ANIAK PUBLIC LIBRARY,BETHEL,0,0,0.5,11864,6500,15621,76266,110251,,1335,0,2166,3501,,110124,0,0,0,0,0,0,3625,25,0,49,49,4,1000,4250,541,1216,25,3,3500,2014,8,2,50,0,17806,61.496996,-156.70387
AK,AK0117-002,HYDER PUBLIC LIBRARY,PR WALES-OUTER,0,0,0,0,6500,20096,52800,79396,,2145,367,1258,3770,,81547,0,0,0,0,0,0,8209,0,0,49,49,40,928,1632,94,1403,0,6,633,2014,8,2,198,34570,6402,55.9512325,-130.054261
AL,106-004,MILLPORT PUBLIC LIBRARY,LAMAR,0,0,1,20267,0,1500,0,21767,,1875,0,0,1875,,22142,0,0,0,0,0,0,11008,0,0,70,70,0,1440,691,1280,1190,0,4,514,2014,5,1,75,48808,14203,33.5615529,-88.0894225
AK,AK0120-002,INNOKO RIVER COMMUNITY/SCHOOL AND TRIBAL LIBRARY,YUKON-KOYUKUK,0,0,0.25,3000,6500,22184,38896,70580,,3456,0,1544,5000,,61120,0,0,0,0,0,0,3845,15,0,49,49,21,500,1300,76,297,46,5,500,2014,8,2,290,0,5654,62.682486,-159.837595
AK,AK0121-002,ANVIK COMMUNITY/SCHOOL LIBRARY,YUKON-KOYUKUK,0,0,0.25,3000,6500,3860,85632,98992,,2461,0,582,3043,,102265,0,0,0,0,0,0,3745,100,0,49,49,11,480,932,80,569,0,6,350,2014,8,2,290,0,5654,63.235938,-159.72838
AK,AK0122-002,GRAYLING COMMUNITY/SCHOOL LIBRARY,YUKON-KOYUKUK,0,0,0.35,3000,6500,19674,46420,75594,,2351,625,0,2976,,68769,0,0,0,0,0,0,7328,0,0,49,49,0,84,820,188,120,0,4,160,2014,8,2,290,0,5654,64.075022,-159.676935
AK,AK0124-002,LAKE MINCHUMINA COMMUNITY LIBRARY,YUKON-KOYUKUK,0,0,0,6951,6500,20312,53100,86863,,1474,0,587,2061,,81411,0,0,0,1600,1600,1600,4293,0,0,49,49,15,912,1300,26,2147,0,6,980,2014,8,2,290,0,5654,63.848952,-152.427523
AK,AK0126-002,IGIUGIG TRIBAL LIBRARY,LAKE AND PENINSULA,0,0.2,0.5,4440,6500,10000,26400,47340,,3520,0,434,3954,,78108,0,0,0,0,0,0,10200,8777,1,49,50,26,550,1431,78,1451,80,6,151,2014,8,2,60,39630,955,58.748921,-156.57377
AK,AK0127-002,COFFMAN COVE COMMUNITY LIBRARY,PR WALES-OUTER KE,0,0,0,7688,6500,9907,16866,40961,,3578,769,0,4347,,39703,0,0,0,0,0,968,18049,0,0,49,49,0,1152,5712,189,1761,0,3,1892,2014,8,2,198,38970,6402,55.357009,-131.69729
AK,AK0130-002,THORNE BAY PUBLIC LIBRARY,PR WALES-OUTER KE,0,0,0.5,3989,6500,9574,15575,35638,,2633,0,417,3050,,27101,0,0,0,0,0,0,3278,0,0,49,49,25,762,1481,322,1611,0,5,1390,2014,8,2,198,77140,6402,55.6868741,-132.5233422
AL,100-004,DOUBLE SPRINGS PUBLIC LIBRARY,WINSTON,0,0,1,38902,0,7000,1750,47652,,4660,4375,0,9035,,47652,703,0,0,0,703,703,10980,13663,1,70,71,0,2080,3801,1617,11656,5434,7,1440,2014,5,1,133,21280,24187,34.1469989,-87.3833998
AK,AK0133-002,PILOT POINT TRIBAL LIBRARY,LAKE AND PENINSULA,-3,-3,-3,-3,-3,-3,-3,-3,,-3,-3,-3,-3,,-3,-3,-3,-3,-3,-3,-3,-3,-3,-3,-3,-3,-3,-3,-3,-3,-3,-3,-3,-3,2014,8,2,164,43810,1662,59.114991,-156.842749
AL,104-007,ROCKFORD PUBLIC LIBRARY,COOSA,0,0,1,47036,2260,0,1463,50759,,2688,0,0,2688,,48224,0,0,0,0,0,0,5007,0,0,70,70,20,2550,2098,626,1142,0,4,712,2014,5,1,37,0,11065,32.894112,-86.162362
AK,AK0134-001,WHALE PASS COMMUNITY LIBRARY,PR WALES-OUTER KE,0,0,0,0,6500,17988,54513,79001,,2600,0,2697,5297,,78223,0,0,0,0,0,0,5843,0,0,49,49,27,735,1776,188,2373,0,3,852,2014,8,2,198,84000,6402,56.1135692,-133.1211057
AK,AK0135-001,TOGIAK PUBLIC LIBRARY AND CULTURAL CENTER,DILLINGHAM,0,0,0,12000,6500,31202,113543,163245,,13500,0,990,14490,,148425,0,0,0,0,0,0,10650,30,0,49,49,2,1500,12910,391,2116,6,7,7800,2014,8,2,70,77690,4988,59.059753,-160.391336
AK,AK0136-001,SCAMMON BAY PUBLIC LIBRARY,WADE HAMPTON,0,0,0.5,5897,6500,7000,3620,23017,,2192,0,0,2192,,18763,0,0,0,0,0,0,3886,0,0,49,49,0,1920,680,518,100,0,3,420,2014,8,2,270,33470,7952,61.534112,-166.081432
AK,AK0137-001,KLUKWAN COMMUNITY/SCHOOL LIBRARY,HAINES,0,0,0,500,6500,64952,27954,99906,,5446,0,1259,6705,,99905,0,0,0,0,0,0,6607,0,0,49,49,19,830,2280,199,2863,0,4,700,2014,8,2,100,31050,2569,59.23259,-135.448159
AL,100-000,CARL ELLIOTT REGIONAL LIBRARY SYSTEM,WALKER,0,1,3.5,99408,90279,0,57002,246689,129549,18065,0,0,18065,101415,249029,3921,0,0,4500,8421,8421,0,13663,1,70,71,0,2340,199950,0,0,0,4,3841,2014,5,1,127,38416,65859,33.8333948,-87.2739076
AL,100-001,ARLEY PUBLIC LIBRARY,WINSTON,0,0,0.5,25260,0,7000,1750,34010,,4591,4375,0,8966,,34010,10940,0,0,320,11260,11260,9892,13663,1,70,71,12,1820,4983,1917,11874,5434,8,1133,2014,5,1,133,0,24187,34.0500512,-87.2234374
AL,100-005,HALEYVILLE PUBLIC LIBRARY,WINSTON,0,0,2,75613,0,7000,1750,84363,,5756,4375,0,10131,,84363,9802,0,0,0,9802,9802,12351,13663,1,70,71,0,2496,16512,3432,17717,5434,9,1489,2014,5,1,133,32704,24187,34.2263998,-87.623363
AL,100-006,JASPER PUBLIC LIBRARY,WALKER,0,2,5.13,178912,0,10000,2500,191412,92708,22623,4898,0,27521,71183,191412,7200,0,0,0,7200,7200,57201,13663,1,70,71,0,2080,54431,14139,68259,5434,24,8257,2014,5,1,127,38416,65859,33.8333948,-87.2739076
AL,100-008,SUMITON PUBLIC LIBRARY,WALKER,0,0,0.75,52111,0,7000,1750,60861,,4586,4375,0,8961,,60861,0,0,0,0,0,0,10370,13663,1,70,71,0,2288,5318,2383,15459,5434,8,1471,2014,5,1,127,73848,65859,33.7495769,-87.0495275
AL,101-000,CHEAHA REGIONAL LIBRARY,CLEBURNE,2,0,1,9400,149725,0,1200,160325,64400,6600,2750,6750,16100,19589,100089,0,0,0,0,0,0,19614,8370,1,70,71,2,3560,1220,8491,78178,16183,6,215,2014,5,1,29,33976,15017,33.6437581,-85.5889203
AL,101-001,ROANOKE - ANNIE L. AWBREY PUBLIC LIBRARY,RANDOLPH,0,0,1,118379,6615,0,5500,130494,83640,9227,0,0,9227,34223,127090,0,0,0,0,0,0,19076,0,0,70,70,0,2164,30824,6578,50816,0,16,10000,2014,5,1,111,65040,22663,33.1495407,-85.3706895
AL,101-002,ASHLAND CITY PUBLIC LIBRARY,CLAY,0,0,1,61092,2886,0,7559,71537,,4056,1501,134,5691,,69335,0,0,0,0,0,0,24050,1800,0,70,70,0,2008,14581,4144,17233,624,15,5422,2014,5,1,27,2860,13506,33.274741,-85.837242
AL,999-028,SYLACAUGA - B. B. COMER MEMORIAL LIBRARY,TALLADEGA,0,1,3,618755,12579,10000,48035,689369,488295,23594,19405,9224,52223,135380,675898,0,0,0,0,0,0,99623,784,3,70,73,92,2600,62779,30025,175521,6612,66,16786,2014,5,1,121,74352,81339,33.1718114,-86.2507305
AL,101-004,CHEROKEE COUNTY PUBLIC LIBRARY,CHEROKEE,0,0.9,0.9,137907,11160,0,4565,153632,80310,16402,0,974,17376,62627,160313,0,0,0,0,0,0,32205,0,0,70,70,0,2023,40230,16915,88455,0,19,8276,2014,5,1,19,13648,26115,34.1493617,-85.6763663
AL,101-005,CHILDERSBURG - EARLE A. RAINWATER MEMORIAL LIBRARY,TALLADEGA,0,0,2,116876,5027,0,19344,141247,89420,27952,1500,1040,30492,41550,161462,0,0,0,0,0,45000,59304,0,1,70,71,46,2490,19515,12536,40837,0,19,13257,2014,5,1,121,14464,81339,33.2775588,-86.3556694
AL,101-006,LINCOLN PUBLIC LIBRARY,TALLADEGA,0,0,2,118599,4662,0,3050,126311,,7662,0,0,7662,,111261,0,0,0,0,0,0,16619,0,0,70,70,4,2156,8150,3611,7225,0,13,5215,2014,5,1,121,43120,81339,33.6044887,-86.1235871
AL,101-007,LINEVILLE PUBLIC LIBRARY,CLAY,0,0,1,42575,2216,0,2560,47351,,3700,0,702,4402,,39352,0,0,0,0,0,0,15418,0,1,70,71,2,1857,5429,2487,8196,0,3,195,2014,5,1,27,43264,13506,33.3145941,-85.7544585
AL,101-008,HEFLIN - LUCILE L. MORGAN PUBLIC LIBRARY,CLEBURNE,0,0,0.55,25000,3208,0,2385,30593,,2457,0,139,2596,,29188,0,0,0,0,0,1176,17365,0,0,70,70,22,1214,9964,4580,9687,0,7,2101,2014,5,1,29,33976,15017,33.6437218,-85.5878737
AL,101-009,OXFORD PUBLIC LIBRARY,CALHOUN,0,1,1,427500,19607,0,0,447107,240000,25824,0,4862,30686,21954,292640,0,0,0,0,0,0,54249,17864,0,70,70,32,2236,30000,19411,80039,659,53,22597,2014,5,1,15,57576,116547,33.6097203,-85.8355168
AL,999-070,TALLADEGA - ARMSTRONG-OSBORNE PUBLIC LIBRARY,TALLADEGA,0,0,1,365868,15447,2000,11671,394986,235680,34714,5000,5422,45136,115226,396042,0,0,0,0,0,0,150259,25,1,70,71,144,2384,61100,18062,66314,365,27,10149,2014,5,1,121,74592,81339,33.4331188,-86.0997635
AL,999-033,ABBEVILLE MEMORIAL LIBRARY,HENRY,0,0,1,99774,8638,0,7161,115573,77422,6899,0,2078,8977,38297,124696,0,0,50000,0,50000,50194,31465,38,0,70,70,28,2080,25507,5951,15931,314,19,12031,2014,5,1,67,124,17224,31.5672929,-85.2504667
AL,999-075,ARITON - DOT LANEY MEMORIAL LIBRARY,DALE,0,0,0.4,11540,753,0,5206,17499,,440,0,313,753,,19350,0,0,0,0,0,0,13333,0,0,70,70,0,823,1834,601,1401,0,9,941,2014,5,1,45,2428,49845,31.6001879,-85.7194125
AL,999-035,HEADLAND - BLANCHE R. SOLOMON MEMORIAL LIBRARY,HENRY,0,0,1,110300,8638,0,5844,124782,77345,10939,0,4347,15286,14969,107600,0,0,0,0,0,0,64120,0,0,70,70,0,2236,29275,8640,21119,0,16,8150,2014,5,1,67,33856,17224,31.3523595,-85.3419344
AL,999-061,BRUNDIDGE - TUPPER LIGHTFOOT MEMORIAL LIBRARY,PIKE,0,1,4,209048,7085,0,8336,224469,113219,23353,0,7143,30496,18243,161958,2357,0,0,0,2357,67891,12798,79,0,70,70,24,2236,10573,2378,14671,0,19,3805,2014,5,1,109,10240,33682,31.7189493,-85.8155105
AL,999-079,OZARK - DALE COUNTY PUBLIC LIBRARY,DALE,0,0,2,147950,36582,2400,81542,268474,151865,16843,3400,2376,22619,82801,257285,22322,0,0,0,22322,43915,62432,895,0,70,70,0,2061,109467,13584,103130,407,42,27167,2014,5,1,45,57648,49845,31.452208,-85.6327649
AL,517-001,CLIO - ELTON B. STEPHENS LIBRARY,BARBOUR,0,0,1,10251,3672,0,0,13923,,2365,0,200,2565,,10493,0,0,0,0,0,0,17217,0,0,70,70,0,1045,17650,942,38337,0,18,5026,2014,5,1,5,15640,26978,31.7087604,-85.6120904
AL,517-003,LOUISVILLE PUBLIC LIBRARY,BARBOUR,0,0,0.6,4159,2810,0,0,6969,,1014,0,39,1053,,6676,0,0,0,0,0,0,4022,0,0,70,70,0,900,460,255,360,0,3,255,2014,5,1,5,44344,26978,31.782949,-85.555864
AL,999-077,MIDLAND CITY - MARY BERRY BROWN MEMORIAL LIBRARY,DALE,0,0,1,31826,2319,0,6722,40867,,5615,120,824,6559,,57467,0,0,0,0,0,0,9020,0,0,70,70,0,1800,10996,2413,2550,0,18,6050,2014,5,1,45,0,49845,31.336223,-85.523526
AL,999-078,NEWTON PUBLIC LIBRARY,DALE,0,0,1,21245,2132,0,0,23377,,1810,0,0,1810,,18777,0,0,0,0,0,0,12935,0,0,70,70,0,1580,5250,720,17178,0,8,925,2014,5,1,45,54480,49845,31.3319466,-85.5968512
AL,517-004,CLAYTON - TOWN AND COUNTY PUBLIC LIBRARY,BARBOUR,0,0,1,12440,5269,8000,14920,40629,,4008,0,8200,12208,,33991,0,0,8000,0,8000,8000,16063,0,0,70,70,4,1250,6583,2389,2244,0,16,4678,2014,5,1,5,15376,26978,31.8845803,-85.458798
AL,999-060,TROY PUBLIC LIBRARY,PIKE,0,1,7,543797,25573,0,13607,582977,405907,62722,2905,20794,86421,75760,568088,0,0,0,0,0,62000,78841,11400,2,70,72,92,2600,93112,20638,201766,42036,16,9576,2014,5,1,109,76920,33682,31.8085334,-85.9677353
AL,999-058,UNION SPRINGS PUBLIC LIBRARY,BULLOCK,0,0,1,39700,10460,0,4909,55069,37759,8950,0,150,9100,9219,56078,0,0,0,0,0,0,10872,0,0,70,70,23,1584,9597,2153,3123,0,24,6009,2014,5,1,11,77880,10605,32.1406206,-85.7161121
AL,103-001,ANDALUSIA PUBLIC LIBRARY,COVINGTON,0,1,2,222751,18222,0,20791,261764,203077,21134,0,1206,22340,51343,276760,0,0,0,0,0,0,50483,0,1,70,71,0,2499,27965,23575,43653,0,32,23587,2014,5,1,39,1708,37850,31.3068476,-86.4829134
AL,103-002,BRANTLEY PUBLIC LIBRARY,CRENSHAW,0,0,2,24500,3460,0,0,27960,,2243,0,0,2243,,24743,0,0,0,0,0,0,9151,0,0,70,70,27,1100,3250,1594,10422,0,4,975,2014,5,1,41,0,13960,31.579297,-86.292382
AL,999-034,ELBA PUBLIC LIBRARY,COFFEE,0,1,1,74480,9809,3720,7426,95435,,13332,0,3901,17233,,91539,0,0,0,0,0,0,18601,0,0,70,70,23,2083,20964,2264,18655,0,8,5268,2014,5,1,31,23296,50861,31.414525,-86.066332
AL,103-004,GENEVA - EMMA KNOX KENAN PUBLIC LIBRARY,GENEVA,0,0,1,90792,8335,0,5101,104228,63951,10949,0,997,11946,21054,96951,0,0,0,0,0,0,17334,0,2,70,72,20,1820,16440,5454,8178,0,3,3831,2014,5,1,61,29464,26742,31.0362535,-85.8650891
AL,999-041,ENTERPRISE PUBLIC LIBRARY,COFFEE,0,0,2,169595,40324,0,38696,248615,154704,24082,5000,4270,33352,62265,250321,0,0,0,0,0,0,53928,10482,2,70,72,9,2530,99945,121361,139054,1971,28,33521,2014,5,1,31,24184,50861,31.314037,-85.852791
AL,103-006,FLORALA PUBLIC LIBRARY,COVINGTON,0,0,1,58444,6415,7000,5698,77557,48805,7805,6284,1763,15852,13970,78627,0,0,0,0,0,0,16400,134,0,70,70,31,1960,18868,2803,14641,460,10,5225,2014,5,1,39,26848,37850,31.020628,-86.326526
AL,103-007,HARTFORD - MCGREGOR-MCKINNEY PUBLIC LIBRARY,GENEVA,0,0,1,79260,6518,0,5261,91039,,11437,4024,3847,19308,,93253,0,0,0,0,0,0,22241,189,0,70,70,38,2248,13737,2494,29721,881,10,4721,2014,5,1,61,33424,26742,31.0982684,-85.6967458
AL,103-008,LUVERNE PUBLIC LIBRARY,CRENSHAW,0,0,2,102697,10343,0,27925,140965,84891,8175,4750,12324,25249,30800,140940,0,0,0,0,0,0,14662,9567,0,70,70,25,1837,31391,7411,43561,341,13,7664,2014,5,1,41,44728,13960,31.7163308,-86.2614088
AL,103-009,OPP PUBLIC LIBRARY,COVINGTON,0,0,2,117791,13125,0,9760,140676,72496,19215,6016,3752,28983,48998,150477,0,0,0,0,0,2000,28368,37,0,70,70,105,2080,23879,2399,33264,1999,9,2006,2014,5,1,39,57120,37850,31.3071062,-86.2549763
AL,103-010,SAMSON PUBLIC LIBRARY,GENEVA,0,0,0.1,22963,5839,0,1502,30304,,5772,0,472,6244,,34967,804,0,0,0,804,0,8324,0,0,70,70,20,1454,4635,1021,4785,0,7,2268,2014,5,1,61,67800,26742,31.116736,-86.045997
AL,103-011,SLOCOMB PUBLIC LIBRARY,GENEVA,0,0,1,6500,5880,0,0,12380,,2500,0,300,2800,,17950,0,0,0,0,0,0,8841,0,0,70,70,0,880,3700,720,5000,0,10,1035,2014,5,1,61,71040,26742,31.107025,-85.5936724
AL,104-000,HORSESHOE BEND REGIONAL LIBRARY,TALLAPOOSA,1,1.8,1.8,45285,192536,0,5609,243430,158401,14974,0,0,14974,47111,220486,0,0,0,0,0,0,48350,0,0,70,70,9,2592,515,3289,34704,0,7,780,2014,5,1,123,19336,41221,32.8333469,-85.7653961
AL,104-001,ALEXANDER CITY - ADELIA MCCONNELL RUSSELL LIBRARY,TALLAPOOSA,0,0,1,466372,6891,0,43989,517252,396838,11619,12360,9077,33056,131838,561732,19932,0,0,0,19932,19932,29878,10000,2,70,72,58,4992,52208,8868,49134,1947,21,13206,2014,5,1,123,1132,41221,32.9414721,-85.9539223
AL,104-002,DADEVILLE PUBLIC LIBRARY,TALLAPOOSA,0,0,1,74316,2352,0,4254,80922,58404,4968,1500,2805,9273,16723,84400,0,0,0,0,0,0,10062,13454,0,70,70,8,2021,24279,3426,13475,1402,15,3817,2014,5,1,123,19336,41221,32.8333407,-85.7653961
AL,104-003,GOODWATER PUBLIC LIBRARY,COOSA,0,0,0.6,41075,2795,1512,4637,50019,,4085,0,1007,5092,,46477,0,0,0,0,0,0,16733,0,0,70,70,29,2100,11530,3222,4076,0,12,4580,2014,5,1,37,30640,11065,33.0638376,-86.0524899
AL,104-004,AUBURN PUBLIC LIBRARY,LEE,0,7,10,1615749,25210,19614,0,1660573,1291633,73615,30987,32391,136993,231947,1660573,13222,0,0,0,13222,13222,72480,1344,6,70,76,159,3358,124239,39510,237148,10761,44,91880,2014,5,1,81,3076,151708,32.6044107,-85.466363
AL,104-005,OPELIKA - LEWIS COOPER JR. MEMORIAL LIBRARY,LEE,0,2,4,695949,26881,0,0,722830,557095,60033,15278,24602,99913,61133,718141,0,0,0,0,0,0,68674,5148,2,70,72,88,3500,80136,33014,128195,37549,24,30217,2014,5,1,81,57048,151708,32.649137,-85.3759494
AL,104-006,MILLBROOK PUBLIC LIBRARY,ELMORE,0,0,3,160915,6980,0,12224,180119,134483,9266,5660,5546,20472,27659,182614,0,0,0,0,0,0,31878,13454,0,70,70,44,2801,64285,14709,82860,2175,23,21681,2014,5,1,51,48712,80808,32.4767889,-86.3620007
AL,104-008,TALLASSEE COMMUNITY PUBLIC LIBRARY,TALLAPOOSA,0,0,2,79113,2267,0,0,81380,,8267,0,0,8267,,81380,0,0,0,0,0,0,25577,13454,0,70,70,4,2365,28920,2105,44371,641,13,13814,2014,5,1,123,74688,41221,32.5401591,-85.8792243
AL,104-009,WETUMPKA PUBLIC LIBRARY,ELMORE,0,1.5,1.5,251285,3046,6991,24141,285463,184273,19509,3720,6320,29549,56338,270160,0,0,0,0,0,0,28273,13478,2,70,72,38,2854,32278,19778,86636,8411,15,26247,2014,5,1,51,81720,80808,32.535896,-86.205711
AL,516-001,FLORENCE - LAUDERDALE PUBLIC LIBRARY,LAUDERDALE,0,2.5,15,910450,65941,16615,249834,1242840,630594,62546,17872,28220,108638,503587,1242819,25000,0,0,0,25000,25000,72528,43678,3,70,73,87,2754,170714,47456,229167,10159,40,39458,2014,5,1,77,26896,92774,34.8035633,-87.6746533
AL,999-039,TUSCUMBIA - HELEN KELLER PUBLIC LIBRARY,COLBERT,0,1,4,134856,12748,0,6663,154267,94760,19760,2000,3240,25000,34507,154267,0,0,0,0,0,0,36563,28351,0,70,70,20,1992,8956,6924,30352,6402,12,6136,2014,5,1,33,77280,54499,34.7365408,-87.7034975
AL,999-042,LEIGHTON PUBLIC LIBRARY,COLBERT,0,0,1,2500,5104,3375,3960,14939,,2100,0,3636,5736,,16310,0,0,0,0,0,0,7264,0,0,70,70,0,832,2400,696,2053,0,7,2000,2014,5,1,33,42160,54499,34.700231,-87.5289566
AL,999-050,MUSCLE SHOALS PUBLIC LIBRARY,COLBERT,0,0,1,550163,17452,17000,26923,611538,384898,62420,20139,24642,107201,119439,611538,3940,0,0,0,3940,3940,53654,46623,3,70,73,56,2193,176772,14731,241547,138192,56,19919,2014,5,1,33,53016,54499,34.7444578,-87.645404
AL,516-004,ROGERSVILLE PUBLIC LIBRARY,LAUDERDALE,0,1,1,78665,10447,12000,10929,112041,61448,17663,0,2040,19703,19748,100899,500,0,7750,0,8250,13914,36047,0,2,70,72,26,2080,24961,4430,45285,0,10,6821,2014,5,1,77,66216,92774,34.8242352,-87.2920732
AL,999-066,SHEFFIELD PUBLIC LIBRARY,COLBERT,0,0,4,209477,13363,0,13030,235870,181568,43316,17154,12853,73323,36702,291593,0,0,0,0,0,0,56493,69423,10,70,80,52,2000,57229,7213,71364,3484,38,9159,2014,5,1,33,69648,54499,34.7614588,-87.6985416
AL,106-000,NORTHWEST REGIONAL LIBRARY,MARION,0,0,0.5,26190,57114,44128,12784,140216,,47640,0,0,47640,,118086,0,0,0,0,0,0,80337,0,0,70,70,0,1456,52,100,3741,0,0,0,2014,5,1,93,82992,30305,33.9308411,-87.8150451
AL,106-001,HAMILTON - CLYDE NIX PUBLIC LIBRARY,MARION,0,0,1,81261,0,1500,0,82761,,3000,0,0,3000,,70831,0,0,0,0,0,0,17201,0,0,70,70,0,1883,15111,1652,11388,0,6,4197,2014,5,1,93,32848,30305,34.143375,-87.992958
AL,106-002,KENNEDY PUBLIC LIBRARY,LAMAR,0,0,1,16640,0,0,0,16640,,0,0,0,0,,23397,0,0,0,0,0,0,5308,0,0,70,70,0,1920,540,795,1482,0,3,421,2014,5,1,75,39520,14203,33.5860805,-87.9759123
AL,106-003,GUIN - MCHS COMMUNITY LIBRARY,MARION,0,1,1.5,37438,0,7000,0,44438,,8750,0,0,8750,,44438,0,0,0,0,0,0,21303,0,0,70,70,0,1950,16931,2042,17835,0,9,4404,2014,5,1,93,32224,30305,33.9822137,-87.9177289
AL,106-005,RUSSELLVILLE PUBLIC LIBRARY,FRANKLIN,0,0,1,50700,19146,0,1980,71826,68264,9215,0,922,10137,13198,91599,0,0,0,0,0,1980,23627,0,0,70,70,0,1725,7365,13779,24045,0,5,2398,2014,5,1,59,67056,31542,34.5047372,-87.7302538
AL,106-006,SULLIGENT PUBLIC LIBRARY,LAMAR,0,0,1,33545,0,4000,0,37545,,5000,0,0,5000,,38546,0,0,0,0,0,0,14669,0,0,70,70,0,1992,6187,2988,8430,0,5,1583,2014,5,1,75,73728,14203,33.9003387,-88.1317513
AL,106-007,VERNON - MARY WALLACE COBB MEMORIAL LIBRARY,LAMAR,0,0,1,56535,0,500,0,57035,,1400,0,0,1400,,57035,0,0,0,0,0,0,12988,0,0,70,70,0,2129,11534,6299,10491,0,9,2182,2014,5,1,75,78480,14203,33.757955,-88.1107773
AL,106-008,RED BAY - WEATHERFORD PUBLIC LIBRARY,FRANKLIN,0,0,0.63,38044,0,0,0,38044,,800,0,310,1110,,38043,0,0,0,0,0,0,12393,0,0,70,70,0,1200,8492,2829,5827,0,7,2492,2014,5,1,59,63576,31542,34.4427927,-88.1573331
AL,106-009,WINFIELD PUBLIC LIBRARY,MARION,0,0,1,84631,0,5000,0,89631,65625,11120,0,4080,15200,8404,89229,0,0,0,0,0,0,23224,0,0,70,70,0,2086,23164,5812,28123,0,24,6224,2014,5,1,93,82992,30305,33.9308411,-87.8150451
AL,107-001,ATHENS - LIMESTONE PUBLIC LIBRARY,LIMESTONE,0,3,5.6,280000,84704,13135,163537,541376,394373,26904,5522,4100,36526,116477,547376,0,0,0,0,0,0,69327,52716,2,70,72,61,2347,81736,13982,131604,9274,16,18756,2014,5,1,83,2956,88924,34.7998164,-86.9645795
AL,107-002,DECATUR PUBLIC LIBRARY,MORGAN,0,1,20,426073,88605,10000,350265,874943,538914,63954,5208,46292,115454,239615,893983,0,0,0,0,0,0,106934,27929,0,70,70,155,3172,176085,33296,179656,13125,37,33425,2014,5,1,103,20104,119628,34.606014,-86.981431
AL,107-003,HARTSELLE - WILLIAM BRADFORD HUIE LIBRARY OF HARTSELLE,MORGAN,0,0,2,100973,22606,2000,3000,128579,89988,8033,5000,1335,14368,24223,128579,0,0,0,0,0,0,26850,13371,1,70,71,6,2184,25276,10453,26936,2262,8,14280,2014,5,1,103,33448,119628,34.444159,-86.934983
AL,107-004,LAWRENCE COUNTY PUBLIC LIBRARY,LAWRENCE,0,0,1,72000,31542,0,7121,110663,74270,4454,0,738,5192,31573,111035,0,0,0,0,0,0,34309,128,1,70,71,7,2075,26915,11576,29320,0,17,17480,2014,5,1,79,51600,33571,34.4758893,-87.2944961
AL,500-000,BALDWIN COUNTY LIBRARY COOPERATIVE,BALDWIN,1,0,2,81442,98007,4850,11559,195858,129703,4689,0,0,4689,43922,178314,0,0,0,0,0,0,20466,7,0,70,70,2,3432,32240,4906,38647,84,8,10560,2014,5,1,3,65208,195443,30.550709,-87.716861
AL,500-001,DAPHNE PUBLIC LIBRARY,BALDWIN,0,5,7,824258,17245,20000,19999,881502,554968,46835,10000,13000,69835,122840,747643,110873,0,0,0,110873,110873,60126,9169,5,70,75,62,2547,218213,21979,317151,10558,24,26368,2014,5,1,3,19648,195443,30.6181,-87.905194
AL,500-002,FAIRHOPE PUBLIC LIBRARY,BALDWIN,0,1,5,630000,15881,2000,87195,735076,528189,53998,18510,20335,92843,115854,736886,0,0,0,0,0,0,74215,18117,6,70,76,180,2704,197652,18647,219726,10557,92,60789,2014,5,1,3,25240,195443,30.5230526,-87.9008897
AL,999-072,FOLEY PUBLIC LIBRARY,BALDWIN,0,1,1,788921,14872,0,0,803793,538027,69569,9460,33580,112609,250894,901530,0,0,0,0,0,14100,77535,20662,6,70,76,54,3338,518734,22182,744893,179125,61,36128,2014,5,1,3,26992,195443,30.4063657,-87.6795864
AL,500-004,BAY MINETTE PUBLIC LIBRARY,BALDWIN,0,1,7,288227,7879,7000,10695,313801,237297,31242,3000,12012,46254,30250,313801,0,0,0,0,0,0,42443,23329,3,70,73,44,2600,78000,10659,99850,3799,11,20601,2014,5,1,3,4660,195443,30.8826155,-87.776059
AL,500-005,LOXLEY PUBLIC LIBRARY,BALDWIN,0,0,1,20554,1659,0,0,22213,,3000,450,1250,4700,,26926,0,0,0,0,0,0,9508,0,0,70,70,0,1350,10000,1290,9880,0,13,5000,2014,5,1,3,44608,195443,30.619925,-87.7529391
AL,500-006,OSCAR JOHNSON MEMORIAL LIBRARY,BALDWIN,0,0,1,4200,717,0,1000,5917,,1717,0,150,1867,,6967,0,0,0,0,0,0,9501,2,0,70,70,0,780,3192,266,1976,0,5,100,2014,5,1,3,70536,195443,30.5450831,-87.7518658
AL,999-071,ROBERTSDALE PUBLIC LIBRARY,BALDWIN,0,0,1,310482,5360,0,0,315842,208881,39580,0,11255,50835,18256,277972,0,0,0,0,0,0,28085,0,0,70,70,33,2624,65782,8257,83981,0,13,42137,2014,5,1,3,65208,195443,30.552994,-87.7134011
AL,500-008,GULF SHORES - THOMAS B. NORTON PUBLIC LIBRARY,BALDWIN,0,4,7,544305,9839,1980,61125,617249,444940,23899,9796,19157,52852,119457,617249,0,0,0,0,0,0,48180,23329,9,70,79,56,2548,189545,12806,104475,7859,24,11536,2014,5,1,3,32272,195443,30.2724838,-87.6922688
AL,501-001,ADAMSVILLE PUBLIC LIBRARY,JEFFERSON,0,0,1,100400,2462,0,13791,116653,,3589,0,964,4553,,103771,0,0,0,0,0,0,15629,13440,0,70,70,9,2340,20975,2847,22588,2331,12,12610,2014,5,1,73,460,659197,33.6001341,-86.9532308
AL,501-002,BESSEMER PUBLIC LIBRARY,JEFFERSON,0,4,5,669654,15128,0,48327,733109,363559,14655,0,1250,15905,468018,847482,0,0,0,0,0,0,76230,13440,1,70,71,60,2860,123238,20713,35829,390,41,74044,2014,5,1,73,5980,659197,33.403367,-86.954919
AL,501-003,MOUNTAIN BROOK - EMMET O'NEAL LIBRARY,JEFFERSON,0,9,10,2394870,11248,0,59619,2465737,1717284,188296,21170,121945,331411,597369,2646064,71148,0,0,0,71148,71148,121337,13440,5,70,75,201,3250,199234,13804,476824,156714,72,45699,2014,5,1,73,51696,659197,33.501479,-86.756435
AL,501-004,FAIRFIELD - WALTER J. HANNA MEMORIAL LIBRARY,JEFFERSON,0,1,5,195999,6124,0,5390,207513,97758,19173,0,2606,21779,63018,182555,0,0,0,0,0,0,17762,13440,1,70,71,27,2496,19435,4428,18854,-1,16,23302,2014,5,1,73,25120,659197,33.491112,-86.915404
AL,501-005,FULTONDALE PUBLIC LIBRARY,JEFFERSON,0,0,1,478873,4618,0,11242,494733,327902,26214,0,4618,30832,103846,462580,0,0,0,0,0,0,70296,13440,1,70,71,0,3342,80000,3600,27581,2274,23,17293,2014,5,1,73,28552,659197,33.6084582,-86.7983605
AL,501-006,GARDENDALE - MARTHA MOORE PUBLIC LIBRARY,JEFFERSON,0,1,8,581016,9645,0,6490,597151,477997,17104,1500,15079,33683,102263,613943,0,0,0,0,0,14800,52410,13440,1,70,71,52,2673,109607,10414,162303,7885,31,20391,2014,5,1,73,29056,659197,33.650038,-86.818551
AL,501-007,GRAYSVILLE PUBLIC LIBRARY,JEFFERSON,0,0,1,80000,1501,0,7519,89020,,5634,0,0,5634,,74051,0,0,0,0,0,0,14232,13440,1,70,71,0,1992,8715,1942,13346,630,8,2777,2014,5,1,73,31384,659197,33.62657,-86.973355
AL,501-008,HOMEWOOD PUBLIC LIBRARY,JEFFERSON,0,7.48,29.53,2131324,17495,0,24200,2173019,1581919,124560,65392,70226,260178,236714,2078811,56850,0,0,0,56850,54148,73579,13440,9,70,79,238,3287,449597,24928,516808,28994,127,260985,2014,5,1,73,35800,659197,33.475485,-86.795527
AL,501-009,HOOVER PUBLIC LIBRARY,JEFFERSON,0,21.8,32.31,5893125,57133,27528,247803,6225589,4185080,322035,125208,166388,613631,1351722,6150433,0,0,0,0,0,0,228086,13440,7,70,77,258,3416,657718,65357,1526989,60803,173,106111,2014,5,1,73,35896,659197,33.3878766,-86.8059591
AL,501-010,HUEYTOWN PUBLIC LIBRARY,JEFFERSON,0,0,1,117307,11171,0,15680,144158,79089,12735,0,905,13640,24967,117696,0,0,0,0,0,0,26151,13440,1,70,71,0,2298,39845,7356,51421,4102,16,22748,2014,5,1,73,36448,659197,33.448032,-86.996988
AL,501-011,IRONDALE PUBLIC LIBRARY,JEFFERSON,0,2,2,357806,8588,10000,26022,402416,265655,45395,501,17421,63317,57371,386343,0,0,0,0,0,0,41213,13440,0,70,70,62,2351,22120,4252,61621,3691,14,12543,2014,5,1,73,37864,659197,33.537758,-86.706599
AL,501-012,LEEDS - JANE CULBRETH LIBRARY,JEFFERSON,0,2,5,380306,8203,0,18174,406683,305677,13603,0,5892,19495,78312,403484,0,0,0,0,0,0,31209,13440,1,70,71,82,2312,44456,5147,53329,4515,9,18742,2014,5,1,73,41968,659197,33.543466,-86.541708
AL,501-013,MIDFIELD PUBLIC LIBRARY,JEFFERSON,0,0,1,90000,3721,0,13848,107569,63523,5600,0,1579,7179,38360,109062,0,0,0,0,0,0,16046,13440,1,70,71,22,2300,40796,2797,11604,146,10,8235,2014,5,1,73,48376,659197,33.4576713,-86.9155953
AL,501-014,PLEASANT GROVE PUBLIC LIBRARY,JEFFERSON,0,0,3,155426,7060,0,10878,173364,109034,11633,0,2359,13992,34613,157639,0,0,0,0,0,0,20091,13440,2,70,72,27,2355,24452,3868,36956,2714,15,15226,2014,5,1,73,61008,659197,33.49169,-86.971744
AL,501-015,TARRANT PUBLIC LIBRARY,JEFFERSON,0,0,1,166349,4435,0,0,170784,120431,13335,0,4160,17495,31599,169525,0,0,0,0,0,0,37754,13440,1,70,71,56,2266,27854,2282,13663,795,9,11234,2014,5,1,73,74976,659197,33.583108,-86.76988
AL,501-016,TRUSSVILLE PUBLIC LIBRARY,JEFFERSON,0,4,5,1052686,13882,10000,52970,1129538,755559,105982,0,42895,148877,255556,1159992,0,0,0,0,0,0,71047,13440,5,70,75,98,2933,289877,15516,524588,12896,34,20191,2014,5,1,73,76944,659197,33.626614,-86.604764
AL,501-017,VESTAVIA HILLS LIBRARY IN THE FOREST,JEFFERSON,0,4,6,1690197,23649,33963,102222,1850031,1129007,123841,8627,48357,180825,584839,1894671,0,0,33963,0,33963,53943,86256,13440,2,70,72,149,3300,335750,14893,413704,16634,64,170388,2014,5,1,73,78552,659197,33.430399,-86.788939
AL,501-018,WARRIOR PUBLIC LIBRARY,JEFFERSON,0,1,2,111637,1750,6998,14559,134944,,5500,0,9717,15217,,134415,0,0,0,0,0,0,27833,13440,1,70,71,23,2450,23700,2811,25833,2691,7,7288,2014,5,1,73,79944,659197,33.8133995,-86.8079621
AL,501-019,BIRMINGHAM PUBLIC LIBRARY,JEFFERSON,0,58,61,14833320,173739,75000,645310,15727369,11816968,473357,22367,340543,836267,1922034,14575269,1323420,0,100000,82000,1505420,1628420,700616,13440,36,70,106,992,45240,2218819,166061,1111516,43552,267,584688,2014,5,1,73,7000,659197,33.520858,-86.807252
AL,504-000,FORT PAYNE - DEKALB COUNTY PUBLIC LIBRARY,DEKALB,1,1,3.8,207295,60404,6339,19378,293416,179793,25423,9100,3037,37560,84548,301901,0,0,0,0,0,0,83764,64000,3,70,73,27,4544,43209,17698,81514,877,12,13377,2014,5,1,49,27616,70894,34.4448893,-85.7202819
AL,504-001,COLLINSVILLE PUBLIC LIBRARY,DEKALB,0,0,1,61337,2147,3000,16193,82677,47213,766,91,3571,4428,26464,78105,0,0,0,0,0,0,8287,7993,0,70,70,3,1623,8950,840,5118,62,15,6158,2014,5,1,49,16600,70894,34.262949,-85.85884
AL,504-002,GERALDINE PUBLIC LIBRARY,DEKALB,0,0,2,32168,898,8840,5235,47141,,8085,215,1000,9300,,33002,0,0,0,0,0,4559,40807,0,0,70,70,0,2028,9879,1619,11826,0,19,4075,2014,5,1,49,29608,70894,34.351313,-86.000527
AL,504-003,RAINSVILLE PUBLIC LIBRARY,DEKALB,0,1,4,180322,4950,3000,19953,208225,132477,15516,155,2948,18619,52063,203159,0,0,0,0,0,0,53602,0,1,70,71,12,2538,26204,13926,122934,0,14,6762,2014,5,1,49,63336,70894,34.4866702,-85.8291084
AL,505-000,ESCAMBIA COUNTY COOPERATIVE LIBRARY SYSTEM,ESCAMBIA,0,0,1.5,25000,20833,0,5218,51051,,4980,1000,797,6777,,49340,0,0,0,0,0,0,6319,101,0,70,70,5,1820,0,416,3473,1519,24,20912,2014,5,1,53,3004,37893,31.0226245,-87.4857384
AL,505-001,ATMORE PUBLIC,ESCAMBIA,0,0,5,239761,10000,9340,51251,310352,207447,25821,0,7437,33258,58197,298902,0,0,0,0,0,0,50128,0,0,70,70,35,2548,42016,12553,49701,0,32,13859,2014,5,1,53,3004,37893,31.0226245,-87.4857384
AL,505-002,BREWTON PUBLIC LIBRARY,ESCAMBIA,0,0,1,308991,5298,0,67750,382039,308991,38536,1039,22985,62560,66850,438401,0,0,0,13415,13415,13414,50754,14785,5,70,75,60,2427,58231,18467,117534,61130,29,15989,2014,5,1,53,9208,37893,31.1202492,-87.070251
AL,505-003,FLOMATON PUBLIC LIBRARY,ESCAMBIA,0,0,3.2,125549,1411,7000,11480,145440,87669,13771,0,1333,15104,44211,146984,0,0,0,0,0,0,27021,101,0,70,70,23,2450,37484,6968,126290,416,20,22843,2014,5,1,53,26824,37893,31.0017558,-87.2622884
AL,506-000,GADSDEN - ETOWAH COUNTY PUBLIC LIBRARY,ETOWAH,0,3,4,1260024,67904,14600,0,1342528,1125362,49605,12511,7384,69500,137712,1332574,0,0,0,0,0,0,98966,17922,5,61,66,56,6630,66176,32097,181028,9361,34,21622,2014,5,1,55,28696,103962,34.012704,-86.00984
AL,999-082,ATTALLA - ETOWAH COUNTY PUBLIC LIBRARY,ETOWAH,0,0,1,133544,5994,0,2777,142315,106834,5688,0,235,5923,27552,140309,0,0,0,0,0,0,19768,18255,0,70,70,0,2392,8950,6487,9753,842,10,6008,2014,5,1,55,3028,103962,34.0238057,-86.0879371
AL,506-002,RAINBOW CITY PUBLIC LIBRARY,ETOWAH,0,1,1,373752,9516,0,0,383268,251340,45013,13430,7852,66295,65633,383268,0,0,0,0,0,0,53713,18255,3,70,73,66,2773,80172,14666,101567,3998,13,9746,2014,5,1,55,63288,103962,33.950372,-86.046756
AL,508-001,DEMOPOLIS PUBLIC LIBRARY,MARENGO,0,3,5,296554,6043,22800,17304,342701,203660,24668,4899,4976,34543,94395,332598,0,0,0,0,0,76800,26674,1649,2,70,72,36,1764,87000,10552,49793,1831,17,14165,2014,5,1,91,20296,20228,32.5173396,-87.8362042
AL,508-002,MARENGO COUNTY PUBLIC LIBRARY,MARENGO,0,0,1,53941,5900,5250,12046,77137,,10116,0,1152,11268,,73155,0,0,0,0,0,0,8725,0,0,70,70,0,1740,14625,2073,11159,0,15,7482,2014,5,1,91,43240,20228,32.3073678,-87.7964092
AL,509-000,MARSHALL COUNTY COOPERATIVE LIBRARY,MARSHALL,1,1,1,23204,45513,0,1500,70217,,27401,0,0,27401,,68463,0,0,0,0,0,0,12761,0,0,70,70,0,1550,4650,1128,21910,0,0,0,2014,5,1,95,988,94569,34.2572669,-86.2102182
AL,509-001,ARAB PUBLIC LIBRARY,MARSHALL,0,0,1,229238,8084,0,9835,247157,184118,20908,3000,7335,31243,30121,245482,0,0,0,0,0,1675,55021,20620,0,70,70,50,2210,24793,15780,54900,3388,24,16793,2014,5,1,95,2116,94569,34.3203564,-86.4969444
AL,509-002,BOAZ PUBLIC LIBRARY,MARSHALL,0,0,1,292084,9463,0,0,301547,187293,23680,3000,2191,28871,85166,301330,10000,0,0,0,10000,9950,49319,20620,2,70,72,71,2799,35153,14916,133790,5532,18,21099,2014,5,1,95,7912,94569,34.2007876,-86.1618496
AL,509-003,GUNTERSVILLE PUBLIC LIBRARY,MARSHALL,0,3,3,317500,8221,7000,26018,358739,264359,30338,3278,10431,44047,47209,355615,0,0,0,0,0,6000,40706,3581,8,70,78,82,2236,61233,12263,96120,8320,12,14115,2014,5,1,95,32416,94569,34.349128,-86.3021338
AL,509-004,ALBERTVILLE PUBLIC LIBRARY,MARSHALL,0,0,1,271426,21226,0,12670,305322,220650,24775,5715,10389,40879,34002,295531,0,0,0,0,0,833,81796,50,1,70,71,0,2180,130000,25517,91187,2655,13,15462,2014,5,1,95,988,94569,34.2644447,-86.2030013
AL,510-000,HARRISON REGIONAL LIBRARY SYSTEM,SHELBY,0,1.25,5.25,325000,45880,10000,11250,392130,266291,27070,31455,18833,77358,117519,461168,0,0,0,0,0,0,32321,23329,7,70,77,15,4113,38242,1752,60994,44489,10,2610,2014,5,1,117,16768,204196,33.1853806,-86.6076137
AL,510-001,ALABASTER - ALBERT L. SCOTT LIBRARY,SHELBY,0,4,5,740748,26925,0,0,767673,552774,85308,3000,21586,109894,105005,767673,0,0,0,0,0,0,47188,23329,7,70,77,111,3036,128284,14602,187134,9794,8,14014,2014,5,1,117,820,204196,33.2443077,-86.8266374
AL,510-002,CALERA PUBLIC LIBRARY,SHELBY,0,0,4,316869,8238,0,0,325107,231569,18000,0,8000,26000,38300,295869,0,0,0,0,0,0,39775,23329,7,70,77,0,3142,42442,8458,98470,44489,12,11505,2014,5,1,117,11416,204196,33.0969663,-86.76927
AL,510-003,COLUMBIANA PUBLIC LIBRARY,SHELBY,0,1,1,214968,4225,7000,10153,236346,124652,22072,500,14901,37473,45300,207425,0,0,0,0,0,0,29353,23329,7,70,77,11,2600,55000,5606,90898,44489,9,9632,2014,5,1,117,16768,204196,33.1853806,-86.6076137
AL,510-004,HELENA - JANE B. HOLMES PUBLIC LIBRARY,SHELBY,0,0,1,197903,12925,0,23480,234308,172751,10242,250,18112,28604,42255,243610,0,0,0,0,0,8244,25084,23329,7,70,77,34,2196,31729,7302,172633,52420,13,7329,2014,5,1,117,34024,204196,33.2898063,-86.8425123
AL,510-005,VINCENT - LALLOUISE F. MCGRAW LIBRARY,SHELBY,0,0,1,42938,2009,0,1077,46024,,3206,0,1168,4374,,46024,0,0,0,0,0,0,7920,23329,7,70,77,0,1560,6000,978,48598,44489,13,4634,2014,5,1,117,79008,204196,33.4052714,-86.4168041
AL,510-006,MONTEVALLO - PARNELL MEMORIAL LIBRARY,SHELBY,0,1,8,188854,6353,0,25618,220825,93951,6139,250,4032,10421,87844,192216,0,0,0,0,0,0,24951,32850,7,70,77,7,2180,40000,5238,79537,32849,29,12102,2014,5,1,117,50312,204196,33.0938698,-86.8448327
AL,510-007,PELHAM PUBLIC LIBRARY,SHELBY,0,6,11,1043558,21355,15000,27003,1106916,843925,34981,10394,17478,62853,200138,1106916,0,0,0,0,0,0,48728,18727,4,70,74,45,3040,121694,15564,458924,10764,16,15083,2014,5,1,117,58848,204196,33.2879651,-86.8108402
AL,510-008,WILSONVILLE - VERNICE STOUDENMIRE LIBRARY,SHELBY,0,0,1,28362,1687,0,1115,31164,,2361,50,1603,4014,,25918,0,0,0,0,0,0,7346,23329,7,70,77,0,1571,5993,364,48482,42489,6,1121,2014,5,1,117,82848,204196,33.2360487,-86.4841584
AL,AL8003 - 1,NORTH SHELBY LIBRARY,SHELBY,0,6,8,1006827,41937,0,0,1048764,527191,26227,5652,16005,47884,473689,1048764,0,0,0,0,0,0,69319,7046,2,70,72,30,3822,175000,19722,305177,18964,18,10605,2014,5,1,117,58848,204196,33.3650849,-86.7170245
AL,511-001,ALICEVILLE PUBLIC LIBRARY,PICKENS,0,0,1,55000,2713,0,13419,71132,49386,2665,0,64,2729,19962,72077,0,0,0,0,0,0,19799,0,0,70,70,0,1750,15566,5015,11841,0,28,5619,2014,5,1,107,1228,19383,33.1293647,-88.1478147
AL,511-002,CARROLLTON PUBLIC LIBRARY,PICKENS,0,0,0.6,20229,1584,7000,3224,32037,,7817,0,2080,9897,,32198,0,0,0,0,0,0,17675,0,0,70,70,3,1352,7687,3547,8566,0,28,4655,2014,5,1,107,12304,19383,33.2570984,-88.094376
AL,511-003,GORDO - RUTH HOLLIMAN MEMORIAL PUBLIC LIBRARY,PICKENS,0,0,0.78,25250,2144,4659,3000,35053,,6568,0,587,7155,,32934,0,0,0,0,0,0,14002,0,0,70,70,0,1422,9453,3420,12135,0,13,2727,2014,5,1,107,30736,19383,33.318245,-87.9030931
AL,511-004,REFORM PUBLIC LIBRARY,PICKENS,0,0,1,36332,0,6400,0,42732,,1437,0,0,1437,,37792,0,0,0,0,0,0,15919,0,0,70,70,0,1616,16000,3539,11701,0,8,8700,2014,5,1,107,64104,19383,33.3767418,-88.0159554
AL,512-000,ST. CLAIR COUNTY LIBRARY,ST. CLAIR,0,1,2.8,93930,34263,10000,7708,145901,96096,18653,0,8786,27439,19784,143319,0,0,0,0,0,0,14800,0,0,70,70,19,2080,7483,2187,15030,0,9,2177,2014,5,1,115,2908,86244,33.8372552,-86.252813
AL,512-001,ASHVILLE PUBLIC LIBRARY,ST. CLAIR,0,0,0.75,33777,2240,7000,4529,47546,,8089,0,1926,10015,,45943,0,0,0,0,0,0,16480,0,0,70,70,5,1560,4382,3111,3371,0,5,965,2014,5,1,115,2908,86244,33.836515,-86.2538416
AL,512-002,MOODY - DORIS STANLEY MEMORIAL LIBRARY,ST. CLAIR,0,0,2.75,108055,18068,10322,500,136945,80195,19422,2783,9056,31261,15277,126733,1000,0,0,0,1000,904,20031,3592,3,70,73,0,2080,19648,6244,30697,321,14,5803,2014,5,1,115,51096,86244,33.59037,-86.485362
AL,512-003,ODENVILLE PUBLIC LIBRARY,ST. CLAIR,0,0,2,74154,10166,8296,299,92915,,10078,3000,5326,18404,,88004,0,0,0,0,0,0,17396,16588,1,70,71,7,1832,19671,2209,22416,1065,15,4657,2014,5,1,115,56400,86244,33.6829026,-86.396313
AL,999-031,PELL CITY PUBLIC LIBRARY,ST. CLAIR,0,1,4,330922,21243,0,4825,356990,257880,25003,9060,6862,40925,58185,356990,0,0,0,0,0,0,33561,6510,3,70,73,19,2652,56580,14806,76176,3976,15,30287,2014,5,1,115,58896,86244,33.5871996,-86.2860134
AL,513-001,YORK - HIGHTOWER MEMORIAL LIBRARY,SUMTER,0,0,0.4,29564,2791,0,1554,33909,,4105,0,0,4105,,32125,0,0,0,0,0,0,12960,0,0,70,70,11,1196,4573,1377,4218,0,8,1982,2014,5,1,119,84096,13345,32.4864668,-88.2963388
AL,513-002,LIVINGSTON - RUBY PICKENS TARTT PUBLIC LIBRARY,SUMTER,0,1,2,132838,8954,3000,12058,156850,102697,20935,4657,2522,28114,26617,157428,0,0,0,0,0,0,33387,957,0,70,70,33,2252,14185,2956,26278,261,10,2894,2014,5,1,119,43720,13345,32.5843336,-88.1893487
AL,514-001,ANNISTON - CALHOUN COUNTY PUBLIC LIBRARY,CALHOUN,1,3,9,673700,76718,0,112960,863378,609177,46738,8443,20140,75321,178818,863316,0,0,0,0,0,0,104698,13750,1,70,71,79,5063,105609,26778,184448,12642,76,78857,2014,5,1,15,1852,116547,33.6571016,-85.8282323
AL,514-002,JACKSONVILLE PUBLIC LIBRARY,CALHOUN,0,1,7.2,516001,10177,0,0,526178,335743,38090,2000,20526,60616,41469,437828,0,0,0,0,0,0,56293,3379,0,70,70,62,2496,56876,11019,87008,3563,51,10736,2014,5,1,15,38272,116547,33.812728,-85.761294
AL,514-003,PIEDMONT PUBLIC LIBRARY,CALHOUN,0,0,1,72379,4808,0,4241,81428,46529,8726,1500,4582,14808,15850,77187,0,0,0,0,0,0,14531,100101,0,70,70,19,2173,32000,2907,25604,1389,11,3220,2014,5,1,15,59640,116547,33.9234694,-85.6135761
AL,999-001,AKRON PUBLIC LIBRARY,HALE,0,0,0.68,6096,1969,0,0,8065,,984,0,0,984,,6068,0,0,0,0,0,0,3110,0,0,70,70,0,1248,425,80,1040,0,3,30,2014,5,1,65,676,15311,32.877488,-87.735677
AL,999-002,DOTHAN / HOUSTON-LOVE MEMORIAL LIBRARY,HOUSTON,1,4,13,714734,101572,20413,103560,940279,532964,127795,35000,10871,173666,235080,941710,250000,0,0,3372098,3622098,3622098,132379,8895,16,70,86,136,6062,209449,75511,205097,24495,76,51061,2014,5,1,69,21184,103626,31.227956,-85.395248
AL,999-003,BLOUNTSVILLE PUBLIC LIBRARY,BLOUNT,0,0,1,93839,13931,0,6500,114270,93000,11777,0,0,11777,12000,116777,0,0,0,0,0,0,20900,0,57,70,127,47,2000,20000,7250,24259,0,11,5000,2014,5,1,9,7456,57720,34.0789393,-86.5899637
AL,999-004,CHEROKEE PUBLIC LIBRARY,COLBERT,0,0,2,11500,5419,0,1300,18219,,1283,175,505,1963,,16730,0,0,0,0,0,0,21137,0,69,70,139,25,1300,6107,1818,10399,0,9,2442,2014,5,1,33,14152,54499,34.7564856,-87.9722003
AL,999-005,BRENT - CENTREVILLE PUBLIC LIBRARY,BIBB,0,0,1,42960,18978,0,7947,69885,40790,7000,0,300,7300,6500,54590,0,0,0,0,0,0,21244,0,0,70,70,2,1976,53153,4158,20912,0,17,13906,2014,5,1,7,13672,22504,32.9482,-87.14828
AL,999-006,CHILTON - CLANTON PUBLIC LIBRARY,CHILTON,0,0,1,146423,43553,0,34830,224806,142138,14057,0,4749,18806,57934,218878,0,0,0,0,0,0,76507,0,0,70,70,3,6900,49903,8309,43647,0,19,15119,2014,5,1,21,15136,43836,32.8407531,-86.6244927
AL,999-007,CHOCTAW COUNTY PUBLIC LIBRARY,CHOCTAW,0,0,1.75,39833,13503,0,22965,76301,74757,16286,0,258,16544,35009,126310,0,0,0,0,0,0,80785,0,0,70,70,29,3785,22125,7234,31227,0,16,3815,2014,5,1,23,11032,13397,32.090181,-88.2200745
AL,999-008,CITRONELLE MEMORIAL LIBRARY,MOBILE,0,0,4,84847,3871,0,937,89655,42613,8835,0,386,9221,38421,90255,0,0,0,0,0,0,30517,0,0,70,70,31,1560,10200,3513,9411,0,11,6800,2014,5,1,97,15064,414560,31.09093,-88.2292
AL,999-009,GROVE HILL PUBLIC LIBRARY,CLARKE,0,0,1,41138,6428,0,18707,66273,,3866,18383,1476,23725,,73029,0,0,0,0,0,720,14584,839,0,70,70,43,2001,7873,7425,5813,839,8,4514,2014,5,1,25,32080,25166,31.7053424,-87.7750514
AL,999-010,HUNTSVILLE - MADISON COUNTY PUBLIC LIBRARY,MADISON,0,26.5,34,4611829,337463,15000,892095,5856387,3576667,380715,149005,283805,813525,1141533,5531725,0,0,15000,56620,71620,198520,462025,2089,17,70,87,697,29207,1563230,150909,2296537,64477,345,358240,2014,5,1,89,37000,347073,34.7233808,-86.5902804
AL,999-011,EUTAW - JAMES C. POOLE JR. MEMORIAL LIBRARY,GREENE,0,0,1,33475,8852,0,6444,48771,,6610,0,0,6610,,65067,0,0,0,0,0,0,16118,0,0,70,70,36,1849,19503,2831,8009,0,20,14162,2014,5,1,63,24664,8718,32.842769,-87.8878201
AL,999-012,GREENVILLE - BUTLER COUNTY PUBLIC LIBRARY,BUTLER,0,0,3,214625,20489,7393,17372,259879,117980,13208,7000,3153,23361,38218,179559,0,0,0,0,0,3161,40545,16226,7,70,77,25,2432,52255,18026,25836,359,18,15576,2014,5,1,13,31912,20289,31.8319039,-86.6261633
AL,999-013,HALE COUNTY LIBRARY,HALE,0,0,2,11001,7295,0,27487,45783,,3532,0,47,3579,,44327,0,0,0,5366,5366,5365,16589,0,1,70,71,20,1605,11652,5534,5344,0,12,6307,2014,5,1,65,31720,15311,32.7040712,-87.5922125
AL,999-014,CHICKASAW - INA PULLEN SMALLWOOD MEMORIAL LIBRARY,MOBILE,0,0,1,42450,6053,0,3046,51549,23390,4799,0,715,5514,4905,33809,0,0,0,0,0,0,26627,0,3,70,73,38,1820,7400,3556,3131,0,10,1738,2014,5,1,97,14392,414560,30.7649243,-88.0783898
AL,999-015,JACKSON - WHITE SMITH MEMORIAL LIBRARY,CLARKE,0,0,1,172860,10034,0,17284,200178,133744,11000,0,0,11000,39053,183797,0,0,0,0,0,0,19882,0,410,70,480,13,2092,14919,9672,15715,0,23,9234,2014,5,1,25,38152,25166,31.5123009,-87.8937061
AL,999-016,MARION - PERRY COUNTY PUBLIC LIBRARY,PERRY,0,0,2,31289,7474,0,2638,41401,19539,2727,0,0,2727,13033,35299,0,0,0,0,0,0,15649,0,0,70,70,3,1444,12511,3236,4211,0,13,7169,2014,5,1,105,46768,9978,32.6342635,-87.3190838
AL,999-017,WOODVILLE PUBLIC LIBRARY,JACKSON,0,0,1,27225,4328,0,4566,36119,,3804,0,524,4328,,36128,0,0,0,0,0,0,24325,0,0,70,70,23,1560,4459,4504,16234,0,10,1506,2014,5,1,71,83664,52944,34.6272358,-86.2747007
AL,999-018,CITY OF BAYOU LA BATRE PUBLIC LIBRARY,MOBILE,0,0,1,35126,2535,0,467,38128,,6409,0,0,6409,,33342,0,0,0,0,0,0,23971,0,0,70,70,0,2000,10623,8936,35533,0,8,6029,2014,5,1,97,4684,414560,30.4252008,-88.2416029
AL,999-019,SCOTTSBORO PUBLIC LIBRARY,JACKSON,0,0,1,146400,27204,0,41698,215302,151193,20380,0,8544,28924,48059,228176,0,0,0,0,0,0,81182,27218,1,70,71,34,2496,58000,7229,41094,1680,10,11411,2014,5,1,71,68736,52944,34.6577986,-86.0351652
AL,999-020,ONEONTA PUBLIC LIBRARY,BLOUNT,0,2,5,255620,43297,48050,39123,386090,208052,24530,8805,7467,40802,81426,330280,0,0,48050,0,48050,67298,40686,5907,9,70,79,50,2305,68949,18944,88617,6071,24,9804,2014,5,1,9,57000,57720,33.944598,-86.4756872
AL,999-021,THOMASVILLE PUBLIC LIBRARY,CLARKE,0,1,4.4,178174,9033,8980,26402,222589,139262,11585,14012,9868,35465,46592,221319,11789,0,0,0,11789,11789,17248,3302,1,70,71,37,2496,45341,6060,45530,1544,26,13413,2014,5,1,25,75960,25166,31.9320968,-87.7370527
AL,999-022,MACON COUNTY - TUSKEGEE PUBLIC LIBRARY,MACON,0,1,1,165036,21017,0,4370,190423,104110,11099,0,6345,17444,7559,129113,8000,0,0,0,8000,0,9714,0,0,70,70,0,2280,25012,8886,16334,0,34,22019,2014,5,1,87,77304,19822,32.4219418,-85.689088
AL,999-023,MOUNDVILLE PUBLIC LIBRARY,HALE,0,0,2,42082,6037,2000,2067,52186,,4250,0,0,4250,,51676,0,0,0,0,0,0,13478,0,0,70,70,10,3392,11016,2437,12242,0,17,9936,2014,5,1,65,51648,15311,32.9983447,-87.6311823
AL,999-024,UNIONTOWN PUBLIC LIBRARY,PERRY,0,0,1,25140,2818,1500,2000,31458,,3570,0,160,3730,,23890,0,0,0,0,0,0,10813,0,0,70,70,0,2100,4200,4661,4985,0,19,300,2014,5,1,105,77904,9978,32.449444,-87.513613
AL,999-025,PRICHARD PUBLIC LIBRARY,MOBILE,0,0,5,127053,22461,0,7423,156937,141026,3598,210,7428,11236,13130,165392,0,0,0,0,0,0,68012,58,3,70,73,24,3020,25429,19712,19365,0,16,9542,2014,5,1,97,62496,414560,30.7322332,-88.0839418
AL,999-026,WASHINGTON COUNTY PUBLIC LIBRARY,WASHINGTON,0,1,1,139013,17208,10000,267438,433659,223387,17719,8812,1154,27685,145367,396439,0,0,0,99500,99500,73014,82723,6206,3,70,73,20,3192,39528,9881,14502,1450,32,23522,2014,5,1,129,14008,16842,31.4529431,-88.2090227
AL,999-030,EVERGREEN PUBLIC LIBRARY,CONECUH,0,0,1,146204,13002,0,13760,172966,121009,12239,0,3673,15912,35788,172709,0,0,0,0,0,0,34594,0,0,70,70,13,2236,10960,7224,34447,0,19,8900,2014,5,1,35,24808,12898,31.433966,-86.949201
AL,999-032,MOBILE PUBLIC LIBRARY,MOBILE,1,27,31,8096395,366775,0,1174014,9637184,6288916,805996,128372,317755,1252123,2096145,9637184,0,0,60000,0,60000,138860,638500,4956,19,70,89,566,21996,1439398,210131,1798527,-1,404,394212,2014,5,1,97,50000,414560,30.6871,-88.050915
AL,999-036,MONTGOMERY CITY-COUNTY PUBLIC LIBRARY,MONTGOMERY,0,11,45,4377870,230225,60000,287431,4955526,3386230,381323,182045,77344,640712,681459,4708401,0,0,0,0,0,0,538649,3846,25,70,95,820,28441,830907,181594,514695,21794,176,222240,2014,5,1,101,51000,227271,32.3718816,-86.3054022
AL,999-037,WHITE HALL PUBLIC LIBRARY,LOWNDES,0,1,1,0,2357,0,0,2357,,453,0,216,669,,2803,0,0,0,0,0,0,12045,0,0,70,70,0,1040,181,740,439,0,5,30,2014,5,1,85,81912,10730,32.3015646,-86.7126351
AL,999-040,STEVENSON PUBLIC LIBRARY,JACKSON,0,0,1,38255,5299,0,1433,44987,,3931,0,6468,10399,,45558,0,0,0,0,0,0,12455,0,0,70,70,0,1221,10150,3743,7560,0,10,5200,2014,5,1,71,73080,52944,34.8704105,-85.8362172
AL,516-002,KILLEN PUBLIC LIBRARY,LAUDERDALE,0,0,2,52917,8100,0,3080,64097,35445,13317,0,0,13317,14256,63018,0,0,0,0,0,1080,25377,24,0,70,70,0,2316,25200,3665,22104,5,20,5413,2014,5,1,77,39784,92774,34.8590241,-87.5417043
AL,516-003,LEXINGTON - BURCHELL CAMPBELL MEMORIAL LIBRARY,LAUDERDALE,0,0,1,15825,4079,0,758,20662,,4911,0,569,5480,,22981,28775,0,0,0,28775,0,15989,0,0,70,70,0,1508,20800,2151,7392,0,14,3640,2014,5,1,77,42640,92774,34.968624,-87.3711971
AL,999-043,AUTAUGA - PRATTVILLE PUBLIC LIBRARY,AUTAUGA,0,3,5,445000,54837,6500,64600,570937,360061,42542,14550,9716,66808,121800,548669,0,0,0,0,0,0,78760,11625,2,70,72,76,4536,159145,24902,174887,8643,35,127501,2014,5,1,1,62328,55136,32.45694,-86.4688389
AL,999-044,FAYETTE COUNTY MEMORIAL LIBRARY,FAYETTE,0,1,1,31625,17048,0,128795,177468,81475,16136,1750,2827,20713,68689,170877,0,0,0,0,0,2043,62921,57134,0,70,70,30,2335,36000,10089,36407,0,8,3987,2014,5,1,57,25840,16909,33.6874936,-87.8307842
AL,999-045,PHENIX CITY - RUSSELL COUNTY PUBLIC LIBRARY,RUSSELL,0,0,1,278283,54147,3750,51454,387634,199528,22500,0,4500,27000,110156,336684,404699,0,0,0,404699,404699,43607,0,0,70,70,50,2573,129288,38196,71823,0,33,49000,2014,5,1,113,59472,59430,32.4749617,-85.0160214
AL,999-046,SELMA - DALLAS COUNTY PUBLIC LIBRARY,DALLAS,0,1,4,318431,42292,11453,173754,545930,323596,30982,4000,7609,42591,180691,546878,0,0,0,0,0,0,82597,0,2,61,63,23,2573,168462,32491,76241,0,46,51558,2014,5,1,47,69120,42102,32.4090206,-87.0204842
AL,999-047,TUSCALOOSA PUBLIC LIBRARY,TUSCALOOSA,2,18,20,3283557,195675,1030,369541,3849803,2018287,184872,132370,116766,434008,842393,3294688,38420,0,0,67091,105511,105511,201206,4800,11,70,81,389,8213,429265,80903,766958,23632,101,193368,2014,5,1,125,77256,200744,33.216299,-87.562204
AL,999-048,WILCOX COUNTY LIBRARY,WILCOX,0,0,2,136014,11393,20000,11158,178565,109276,12645,57,12514,25216,31614,166106,0,0,0,0,0,0,47031,50,6,70,76,29,2420,7991,8201,21672,2181,25,6780,2014,5,1,131,11512,11262,31.9904584,-87.2890637
AL,999-049,MONROE COUNTY PUBLIC LIBRARY,MONROE,0,0,2,74000,22583,0,44939,141522,94765,20425,0,0,20425,37183,152373,0,0,0,0,0,0,26231,0,0,70,70,29,2040,55899,19762,68966,0,10,31929,2014,5,1,99,50192,22188,31.5279756,-87.3243597
AL,999-051,CULLMAN COUNTY PUBLIC LIBRARY,CULLMAN,1,2,3,402651,79909,21865,21008,525433,317926,36236,8799,16322,61357,120144,499427,0,0,0,0,0,0,80682,13333,3,70,73,72,7801,94442,31464,175491,8266,60,30902,2014,5,1,43,18976,80783,34.1791174,-86.8426587
AL,999-052,VALLEY - H. GRADY BRADSHAW / CHAMBERS COUNTY LIBRARY,CHAMBERS,0,1,2,93238,33674,0,653728,780640,479304,29959,4601,6916,41476,300556,821336,0,0,0,0,0,347464,103275,2000,5,70,75,25,3670,169702,25370,107021,2895,24,31393,2014,5,1,17,78204,34175,32.838742,-85.1776664
AL,999-081,HOKES BLUFF - RUFUS FLOYD PUBLIC LIBRARY,ETOWAH,0,0,0.75,61859,4248,0,2343,68450,,4608,1965,6135,12708,,68450,0,0,0,1401,1401,1401,14158,14109,2,70,72,0,1584,11104,5160,16595,3265,17,3471,2014,5,1,55,35392,103962,33.9918343,-85.8660367
AL,512-004,RAGLAND PUBLIC LIBRARY,ST. CLAIR,0,0,0.65,19298,3135,15000,5450,42883,,2701,0,1318,4019,,42883,0,0,0,300000,300000,300000,14958,0,0,70,70,4,1248,4212,1350,9296,0,9,1381,2014,5,1,115,63216,86244,33.743743,-86.1445441
AL,999-063,HAYNEVILLE - LOWNDES COUNTY PUBLIC LIBRARY,LOWNDES,0,0,1,12100,5868,5250,3000,26218,,1300,0,450,1750,,19530,0,0,0,0,0,0,18827,0,0,70,70,13,1456,4840,1883,7898,0,12,3510,2014,5,1,85,51520,10730,32.196458,-86.672832
AL,504-004,IDER PUBLIC LIBRARY,DEKALB,0,0,0.5,22154,722,0,4864,27740,,1754,0,614,2368,,24788,0,0,0,0,0,0,8951,0,0,70,70,9,1231,7737,1448,9154,0,10,2833,2014,5,1,49,34096,70894,34.661511,-85.697972
AL,517-002,EUFAULA CARNEGIE LIBRARY,BARBOUR,0,1,6,306119,15156,10000,24593,355868,256119,22503,5175,5408,33086,90491,379696,0,0,0,0,0,10999,30107,17870,0,70,70,83,2671,44290,7426,43745,2250,13,12614,2014,5,1,5,24568,26978,31.8952201,-85.145656
AL,509-005,GRANT PUBLIC LIBRARY,MARSHALL,0,0,1,28657,899,4000,2444,36000,,4896,0,68,4964,,34734,0,0,0,0,0,0,16675,0,0,70,70,4,1568,6370,2820,8445,0,4,1050,2014,5,1,95,31096,94569,34.52494,-86.2525582
AL,999-076,DALEVILLE PUBLIC LIBRARY,DALE,0,0,1,85597,7867,15000,13640,122104,64476,7210,0,3628,10838,43975,119289,0,0,0,0,0,0,20796,0,1,70,71,56,2006,24466,2420,12849,0,51,10077,2014,5,1,45,19360,49845,31.3165588,-85.7067791
AL,107-005,COURTLAND PUBLIC LIBRARY,LAWRENCE,0,0,1,38000,1223,0,0,39223,,3173,0,807,3980,,36223,0,0,0,0,0,0,15192,27194,0,70,70,3,828,3294,1406,4277,527,9,2574,2014,5,1,79,55044,33571,34.6735129,-87.3103494
AL,107-006,EVA PUBLIC LIBRARY,MORGAN,0,0,1,48950,957,0,3459,53366,,6070,0,400,6470,,45601,9545,0,0,0,9545,0,15236,28400,0,70,70,0,1000,7363,2061,9273,413,7,6274,2014,5,1,103,24688,119628,34.3337634,-86.7722979
AL,504-005,CROSSVILLE PUBLIC LIBRARY,DEKALB,0,0,1,37647,1862,0,2695,42204,,3408,0,453,3861,,37551,5441,0,0,0,5441,6282,9505,162,0,70,70,2,2113,10125,1641,10491,162,12,2355,2014,5,1,49,18856,70894,34.2883395,-85.987618
AL,999-083,WALNUT GROVE - WESTSIDE PUBLIC LIBRARY,ETOWAH,0,0,1,23460,692,0,1750,25902,,2690,0,432,3122,,26482,3349,0,0,0,3349,0,9083,0,0,70,70,5,1300,3340,2365,1124,0,4,1230,2014,5,1,55,79728,103962,34.0539027,-86.3071886
AL,500-009,ORANGE BEACH PUBLIC LIBRARY,BALDWIN,0,3,7,480905,4838,7000,29075,521818,440578,25149,9339,15728,50216,53992,544786,0,0,0,0,0,0,40350,23329,5,70,75,0,2713,72487,12242,85799,9162,17,19202,2014,5,1,3,57144,195443,30.292057,-87.576965
AL,999-073,SATSUMA PUBLIC LIBRARY,MOBILE,0,0,1,124798,6114,7000,11265,149177,84419,9130,0,1404,10534,32220,127173,0,0,0,0,0,0,16810,0,0,70,70,5,2120,14545,6347,5292,0,15,4364,2014,5,1,97,68352,414560,30.845112,-88.0597909
AL,107-007,FALKVILLE PUBLIC LIBRARY,MORGAN,0,0,1,46852,1715,7000,5674,61241,,9520,300,2907,12727,,47575,0,0,0,0,0,600,13047,27270,0,70,70,2,1836,8845,2064,7009,100,14,5820,2014,5,1,103,25648,119628,34.3671548,-86.9073381
AL,512-007,SPRINGVILLE PUBLIC LIBRARY,ST. CLAIR,0,0,0.9,78911,3882,7000,2750,92543,,11809,0,5241,17050,,92543,0,0,0,0,0,0,19069,0,0,70,70,11,2444,14284,4695,31702,0,6,5806,2014,5,1,115,72600,86244,33.775701,-86.470638
AL,999-074,BRIDGEPORT - LENA CAGLE PUBLIC LIBRARY,JACKSON,0,1,3,41815,5669,7000,0,54484,30392,11470,0,2842,14312,9780,54484,0,0,0,0,0,0,8509,0,0,70,70,16,1785,10131,1404,8578,0,14,9025,2014,5,1,71,9328,52944,34.9474142,-85.7173763
AL,999-080,WEST BLOCTON PUBLIC LIBRARY,BIBB,0,0,1,28547,1221,0,0,29768,,2768,0,0,2768,,21288,0,0,0,0,0,0,12043,0,0,70,70,2,1347,2070,2070,861,0,6,547,2014,5,1,7,80928,22504,33.1176014,-87.1112342
AL,100-009,CARBON HILL CITY LIBRARY,WALKER,0,0.4,0.4,4341,0,7000,12230,23571,,4502,4375,0,8877,,23571,1200,0,0,150,1350,1350,8465,13663,1,70,71,14,832,1866,624,10353,5434,6,1700,2014,5,1,127,12016,65859,33.8898908,-87.5289261
AL,OHATCHEE,OHATCHEE PUBLIC LIBRARY,CALHOUN,0,0.75,0.75,40490,1151,7000,1593,50234,,8174,0,2915,11089,,50415,0,0,0,0,0,0,7645,0,0,70,70,12,1418,4540,1188,10098,0,4,1110,2014,5,1,15,56472,116547,33.76504,-86.041867
AL,SOMERVILLE,SOMERVILLE PUBLIC LIBRARY,MORGAN,0,0,2,18300,1164,7000,3000,29464,,7900,0,815,8715,,33059,0,0,0,0,0,0,14180,0,0,70,70,0,2000,7980,1629,4665,0,9,2765,2014,5,1,103,71496,119628,34.473359,-86.798895
AL,AL8013,CHELSEA PUBLIC LIBRARY,SHELBY,0,0,1,126588,9011,0,14962,150561,76735,22326,3200,20825,46351,27475,150561,0,0,0,0,0,0,19761,13522,7,70,77,7,2444,60000,3161,100662,44489,5,3380,2014,5,1,117,14104,204196,33.3401408,-86.6308683
AL,AL8014,DUTTON PUBLIC LIBRARY,JACKSON,0,0,1,10650,3584,0,80,14314,,1953,0,0,1953,,14908,0,0,0,0,0,0,9944,0,0,70,70,20,1248,2054,845,1394,0,9,666,2014,5,1,71,21952,52944,34.6039372,-85.9181019
AL,AL8015,FORT DEPOSIT PUBLIC LIBRARY,LOWNDES,0,0,1,24600,2833,0,0,27433,,1550,0,0,1550,,24200,0,0,0,0,0,0,608,0,0,70,70,0,1560,1100,1305,2080,0,14,475,2014,5,1,85,27520,10730,31.983509,-86.578207
AL,AL8016,SUMMERDALE - MARJORIE YOUNCE SNOOK PUBLIC LIBRARY,BALDWIN,0,0,1,97612,877,16846,5985,121320,69274,16500,1500,26500,44500,12509,126283,0,0,0,0,0,0,14564,55,0,70,70,45,2433,17368,1099,17142,110,13,9405,2014,5,1,3,73872,195443,30.4871889,-87.7014627
AL,AL8009,GREEN POND - WOODSTOCK PUBLIC LIBRARY,BIBB,0,0,1,51900,2389,0,0,54289,,620,0,510,1130,,40130,0,0,0,0,0,0,20770,0,0,70,70,0,1872,7723,2555,6743,0,10,5483,2014,5,1,7,0,22504,33.2210885,-87.124932
AL,501-020,CLAY PUBLIC LIBRARY,JEFFERSON,0,1,2,157500,6745,10553,8940,183738,93820,23978,1308,11815,37101,32180,163101,0,0,0,0,0,0,7393,13440,1,70,71,11,2600,14736,914,25625,734,4,2626,2014,5,1,73,15256,659197,33.7144443,-86.578427
AL,104-010,ECLECTIC PUBLIC LIBRARY,ELMORE,0,0,0.4,7561,2037,0,4399,13997,,882,0,0,882,,17446,0,0,0,0,0,0,10276,0,0,70,70,5,800,2000,1272,4273,0,9,2765,2014,5,1,51,22816,80808,32.6360012,-86.0349548
AL,514-005,HOBSON CITY PUBLIC LIBRARY,CALHOUN,0,0,1,602,759,7200,15000,23561,,7500,0,1123,8623,,24073,0,0,0,0,0,43328,10361,0,0,70,70,5,970,3610,381,6270,0,10,2548,2014,5,1,15,35152,116547,33.6204636,-85.8435944
AL,999-084,MUNFORD PUBLIC LIBRARY,TALLADEGA,0,0,1,38288,1270,0,3012,42570,,3470,0,5270,8740,,41093,0,0,0,0,0,0,14135,0,1,70,71,7,1952,8221,8221,6504,0,8,2874,2014,5,1,121,52848,81339,33.5307623,-85.9544333
AL,506-003,SOUTHSIDE PUBLIC LIBRARY,ETOWAH,0,0,2,22913,8335,7000,1023,39271,,11623,0,588,12211,,30038,49525,0,0,0,49525,76203,12201,50,3,70,73,0,1500,3298,1144,5295,134,3,231,2014,5,1,55,71832,103962,33.9203806,-86.0222279
AL,512-008,STEELE PUBLIC LIBRARY,ST. CLAIR,0,0,0.75,22310,1493,7000,3450,34253,,6043,0,3033,9076,,33358,0,0,0,0,0,0,7356,0,0,70,70,3,1560,4498,465,6249,0,5,2219,2014,5,1,115,72888,86244,33.94427,-86.199287
AL,501-021,PINSON PUBLIC LIBRARY,JEFFERSON,0,2,2,150000,4232,7000,8272,169504,94632,27783,500,12180,40463,23096,158191,0,0,0,0,0,0,7693,13440,0,70,70,56,2652,32174,6234,59570,4204,6,13536,2014,5,1,73,60648,659197,33.691476,-86.681386
AL,AL8008-001,GLENCOE PUBLIC LIBRARY,ETOWAH,0,0,0.6,32431,5114,7000,2253,46798,,7560,0,1190,8750,,42504,0,0,0,0,0,60000,7329,14109,0,70,70,0,1176,1078,1062,2602,24,2,396,2014,5,1,55,29992,103962,33.9559335,-85.9341081
AL,AL8009-001,MAGNOLIA SPRINGS PUBLIC LIBRARY,BALDWIN,0,1,1,6750,736,2200,20064,29750,,5612,1500,890,8002,,27017,0,0,0,0,0,0,3969,277,0,70,70,0,988,6433,405,4714,325,4,675,2014,5,1,3,46072,195443,30.405049,-87.770505
AL,AL0079-003,TOWN CREEK PUBLIC LIBRARY,LAWRENCE,0,0,1,24050,1085,0,4161,29296,,1274,0,1680,2954,,40824,0,0,0,0,0,0,4440,0,0,70,70,0,1265,9818,1059,8712,0,8,2304,2014,5,1,79,0,33571,34.699337,-87.4061367
AL,501-000,JEFFERSON COUNTY LIBRARY COOPERATIVE,JEFFERSON,0,3,5,1295722,249721,0,633979,2179422,1826960,0,28669,0,28669,648695,2504324,0,0,0,0,0,0,79,0,1,70,71,0,2250,1900,20265,19695,19695,2,2,2014,5,1,73,7000,659197,33.520858,-86.807252
AL,508-000,MARENGO LIBRARY SYSTEM,MARENGO,1,1,2,33274,4639,0,0,37913,,2028,0,0,2028,,37901,0,0,0,0,0,0,4117,0,0,70,70,0,538,1151,351,12529,0,0,0,2014,5,1,91,20296,20228,32.5173396,-87.8362042
AL,511-000,PICKENS COUNTY COOPERATIVE LIBRARY,PICKENS,0,1,1,28460,19198,2000,873,50531,,500,0,0,500,,37274,0,0,0,0,0,0,630,0,0,70,70,0,1560,347,6,42,0,2,250,2014,5,1,107,12304,19383,33.2609751,-88.0939023
AL,AL8004,MT. VERNON PUBLIC LIBRARY,MOBILE,0,1,1,40400,1554,0,0,41954,,4500,0,1700,6200,,29200,0,0,0,0,0,0,4019,0,0,70,70,0,3000,5410,2705,2285,0,15,3800,2014,5,1,97,52608,414560,31.092219,-87.991731
AL,107-008,PRICEVILLE PUBLIC LIBRARY,MORGAN,0,0,1,70373,3973,7000,0,81346,32304,15538,4000,1904,21442,21949,75695,0,0,0,0,0,0,17925,0,0,70,70,0,1976,4974,4974,11490,0,4,440,2014,5,1,103,62472,119628,34.5261251,-86.8918683
AL,999-055,SARDIS CITY PUBLIC LIBRARY,ETOWAH,0,0,1,58067,1686,0,450,60203,,2479,0,926,3405,,38222,0,0,0,0,0,0,18855,449,0,70,70,1,1300,6974,3288,14844,97,13,1372,2014,5,1,55,68280,103962,34.1735653,-86.1227193
AR,AROO1-009,CENTRAL ARKANSAS LIBRARY SYSTEM,PULASKI,0,39,48,14801416,586480,0,578543,15966439,10292222,833141,540460,605768,1979369,5023769,17295360,3204849,0,0,0,3204849,2922587,895750,14425,68,52,120,1255,38840,2196231,190145,2504366,-1,345,358054,2014,5,5,119,41000,391536,34.746915,-92.266848
AR,AR002,WASHINGTON COUNTY LIBRARY SYSTEM,WASHINGTON,0,8,12,2777414,230426,0,221702,3229542,1675191,342260,85428,106704,534392,538979,2748562,12515,2969,0,0,15484,889000,302377,21560,27,52,79,210,18467,810720,49429,1024529,-1,118,128755,2014,5,5,143,23290,216753,36.034232,-94.176152
AR,AR003-013,MARION COUNTY LIBRARY,MARION,0,0,1,413120,0,0,0,413120,92394,14000,3000,0,17000,44350,153744,0,0,0,0,0,0,25622,0,32,52,84,27,2288,16244,6136,43204,-1,4,2365,2014,5,5,89,77330,16427,36.2253241,-92.6865829
AR,AR0004-023,SOUTHWEST ARKANSAS REGIONAL LIBRARY,HEMPSTEAD,0,0,10.31,527588,0,492,0,528080,196976,39032,5575,2575,47182,82902,327060,0,0,0,0,0,3216,172624,92,14,72,86,153,16159,60786,24015,101524,-1,95,125404,2014,5,5,109,27310,11126,34.3260227,-93.5499871
AR,AR005-009,MID ARKANSAS REGIONAL LIBRARY SYSTEM,HOT SPRING,0,2,6,624800,128117,0,31308,784225,529115,89350,40872,34438,164660,127394,821169,0,0,0,0,0,177433,166001,1816,2,52,54,107,8080,115984,38696,148343,-1,48,11550,2014,5,5,59,43610,33440,34.3638122,-92.8120159
AR,AR006-004,GARLAND COUNTY LIBRARY,GARLAND,0,5,5,2776432,176116,0,255525,3208073,1643329,227309,160814,94426,482549,812317,2938195,0,0,0,0,0,31567,129862,4109,11,52,63,238,3453,410880,47333,689285,-1,16,51219,2014,5,5,51,33400,97065,34.4977021,-93.0398887
AR,AR0007-016,WHITE RIVER REGIONAL LIBRARY,INDEPENDENCE,0,1,1,1717436,283542,0,150201,2151179,1077431,272283,25000,0,297283,305117,1679831,0,0,0,448852,448852,1740050,168819,374,2,52,54,323,26093,223308,75627,371178,-1,72,42721,2014,5,5,63,4030,36843,35.7715482,-91.651515
AR,AR021-002,PINE BLUFF JEFFERSON COUNTY LIBRARY SYSTEM,JEFFERSON,0,1,7,1233639,142520,0,42524,1418683,799085,102123,53936,17827,173886,314097,1287068,0,0,0,296211,296211,296211,180422,1275,14,52,66,134,10608,126078,21280,196871,-1,90,11278,2014,5,5,69,55310,73084,34.2215779,-92.0019311
AR,AR009-002,CROWLEY RIDGE REGIONAL LIBRARY,CRAIGHEAD,0,5,13,2963116,235925,0,444836,3643877,1794739,342837,139903,191752,674492,490590,2959821,0,0,0,42248,42248,42248,197379,6678,26,52,78,230,13530,664140,50376,636197,-1,108,87184,2014,5,5,31,35710,101647,35.83383,-90.707791
AR,AR010-002,COLUMBIA COUNTY LIBRARY,COLUMBIA,0,1,3,364200,58211,0,22545,444956,257164,50353,7390,5463,63206,97387,417757,0,0,0,0,0,48747,147568,40301,4,52,56,73,3952,60213,5445,67674,-1,25,16807,2014,5,5,27,43460,24266,33.2863155,-93.2352675
AR,AR011-003,FORT SMITH PUBLIC LIBRARY,SEBASTIAN,0,6,8,2296191,109031,0,256196,2661418,2072767,190297,34824,17932,243053,558769,2874589,0,0,0,0,0,0,320514,9073,64,52,116,457,11804,411045,68339,478460,-1,64,64372,2014,5,5,131,24550,127118,35.3740799,-94.3975784
AR,AR012-004,ARKANSAS RIVER VALLEY REGIONAL LIBRARY,YELL,0,2,2,1583199,210053,0,34040,1827292,1088328,167422,59852,34539,261813,251254,1601395,0,0,0,0,0,59723,129409,10015,9,52,61,280,15999,245020,53695,300446,-1,91,56960,2014,5,5,149,17380,21807,35.2278926,-93.1577594
AR,AR0056,NORTHEAST ARKANSAS REGIONAL LIBRARY,GREENE,0,1,4,1171239,179103,0,49696,1400038,782258,157761,61987,20760,240508,272600,1295366,0,0,0,0,0,0,198020,17055,4,52,56,183,12324,195632,32558,242970,-1,43,47733,2014,5,5,55,53390,43072,36.0565268,-90.5005733
AR,AR0014-016,SOUTHEAST ARKANSAS REGIONAL LIBRARY,DREW,0,1,1,770736,188469,0,6000,965205,679739,52675,4625,11754,69054,126791,875584,5500000,0,0,30000,5530000,3536886,138608,0,30,52,82,139,22282,235311,27588,124923,-1,78,66086,2014,5,5,43,46580,18728,33.6258582,-91.791149
AR,AR015-003,PHILLIPS LEE MONROE REGIONAL LIBRARY SYSTEM,PHILLIPS,0,0,6,262986,96000,0,0,358986,149489,6550,2000,0,8550,25561,183600,0,0,0,0,0,68827,125500,0,0,52,52,0,10226,47441,6423,55310,-1,18,19369,2014,5,5,107,31190,20426,34.5281048,-90.5925077
AR,AR016,WILLIAM F. LAMAN PUBLIC LIBRARY,PULASKI,0,5,5,2828561,160577,0,90214,3079352,1676106,163724,66049,98044,327817,1091859,3095782,0,0,0,0,0,0,187981,4468,14,52,66,280,5748,346654,34395,250034,-1,74,72297,2014,5,5,119,50450,391536,34.7800665,-92.2694461
AR,AR017-002,FAULKNER-VAN BUREN REGIONAL LIBRARY SYSTEM,FAULKNER,0,2,7,1621584,261165,0,94429,1977178,1023854,259886,70417,15579,345882,698803,2068539,92108,0,0,0,92108,56328,204418,3991,5,52,57,453,15816,306790,46101,498478,-1,59,110959,2014,5,5,45,15190,119390,35.102815,-92.450169
AR,AR019-007,WHITE COUNTY REGIONAL LIBRARY SYSTEM,WHITE,0,1,11,1370414,145264,65670,40895,1622243,708806,185258,66000,62195,313453,337694,1359953,0,0,0,0,0,0,119317,1159,12,52,64,198,12116,221277,34846,455155,-1,31,39981,2014,5,5,145,63020,78661,35.2476962,-91.7373793
AR,AR020-002,BARTON LIBRARY,UNION,0,2,2,440790,65645,0,53345,559780,299324,40655,4655,4275,49585,156669,505578,5000,0,0,4056,9056,9056,68752,0,4,52,56,108,8742,65592,16564,57708,-1,28,19521,2014,5,5,139,21070,40675,33.2219535,-92.6621776
AR,AR008-002,POPE COUNTY LIBRARY SYSTEM,POPE,1,1,11,1005192,0,0,34792,1039984,891874,115174,20723,24772,160669,147231,1199774,0,0,0,0,0,6054,115126,851,6,52,58,1030,5765,120851,28049,276996,-1,27,24618,2014,5,5,115,61670,62747,35.2760024,-93.1334386
AR,AR023-002,SCOTT SEBASTIAN REGIONAL LIBRARY,SEBASTIAN,0,1,1,330388,125157,0,15875,471420,247189,88147,0,3470,91617,107137,445943,0,0,0,0,0,24327,121861,0,0,52,52,103,5096,92670,18841,138857,-1,16,26744,2014,5,5,131,28780,127118,35.213056,-94.256964
AR,AR024-002,EAST CENTRAL ARKANSAS REGIONAL LIBRARY SYSTEM,CROSS,0,2,3,598877,82942,0,29195,711014,373263,44442,6433,17927,68802,224303,666368,0,0,0,0,0,0,45393,10,5,52,57,105,4368,78853,13675,165017,-1,41,28294,2014,5,5,37,77090,17504,35.223944,-90.789455
AR,AR025,WEST MEMPHIS PUBLIC LIBRARY,CRITTENDEN,0,1,1,549427,60614,0,21614,631655,258411,22390,7695,5887,35972,111713,406096,72000,0,0,0,72000,37507,53314,20476,4,52,56,29,2550,28915,12480,18687,-1,14,13211,2014,5,5,35,74540,49758,35.1481819,-90.1935949
AR,AR026-003,ASHLEY COUNTY LIBRARY,ASHLEY,0,1,2,583096,63170,0,0,646266,359029,58130,14000,4711,76841,148519,584389,0,0,0,0,0,0,101838,715,1,52,53,48,4805,72398,15850,74151,-1,46,20171,2014,5,5,3,29500,21252,33.2257896,-91.7966218
AR,AR027-002,W.A. BILLINGSLEY/JACKSON COUNTY LIBRARY,JACKSON,0,1,1,187175,53979,0,15425,256579,159730,23996,4875,1198,30069,51995,241794,0,0,0,0,0,0,46632,48000,5,52,57,58,1780,17390,13284,30561,-1,16,8620,2014,5,5,67,49580,17664,35.6052915,-91.282625
AR,AR028-002,TEXARKANA PUBLIC LIBRARY,BOWIE,0,4,4,296899,78927,0,514094,889920,564962,73843,20319,15813,109975,207425,882362,0,0,0,0,0,324532,86116,110,59,52,111,59,3255,189678,38150,177854,-1,23,37432,2014,5,5,91,68810,43380,33.4248729,-94.0380705
AR,AR030-002,CONWAY COUNTY LIBRARY,CONWAY,0,2,4,424454,52822,0,7763,485039,238549,22314,501,18068,40883,37305,316737,47973,0,0,0,47973,47973,28678,2024,2,52,54,29,2184,54000,18000,44596,-1,7,3667,2014,5,5,29,46970,21176,35.1513115,-92.7453401
AR,AR031-002,LAWRENCE COUNTY LIBRARY,LAWRENCE,0,1,1,326481,46170,0,21709,394360,199292,66284,2480,19684,88448,106902,394642,0,0,0,0,0,0,56278,0,4,52,56,84,5227,62600,9416,94271,-1,29,16640,2014,5,5,75,72890,17061,36.0689372,-90.955328
AR,AR037-002,FORREST CITY PUBLIC LIBRARY,ST. FRANCIS,0,0,1,158943,25030,0,11930,195903,138635,12560,0,7224,19784,34650,193069,0,0,0,0,0,0,19514,0,0,52,52,30,2252,21252,3845,25829,-1,8,8002,2014,5,5,123,24430,27302,35.0066591,-90.7841304
AR,AR038-002,BENTONVILLE PUBLIC LIBRARY,BENTON,0,3,4,39209,1057,259,88829,129354,708028,129170,47064,20823,197057,212042,1117127,0,0,0,0,0,0,100844,10500,16,52,68,205,3120,296031,27190,394687,-1,32,34893,2014,5,5,7,5320,237301,36.367584,-94.208936
AR,AR0039-004,BAXTER COUNTY LIBRARY,BAXTER,0,2,3,648100,85553,0,332139,1065792,683251,91631,23349,12494,127474,243362,1054087,0,0,0,0,0,0,83556,14459,11,52,63,188,3842,210682,44000,565142,-1,40,37570,2014,5,5,5,47390,40996,36.332767,-92.3796
AR,AR018-001,MISSISSIPPI/CRITTENDEN REGIONAL LIBRARY,MISSISSIPPI,0,2,6,1099174,150103,0,7763,1257040,740324,182924,47226,3500,233650,197490,1171464,0,0,0,0,0,0,123999,2371,0,52,52,223,18486,122038,25224,58414,-1,75,73798,2014,5,5,93,7330,44734,35.9285187,-89.9080509
AR,AR022-002,LONOKE/PRAIRIE COUNTY REGIONAL LIBRARY,LONOKE,0,1,9,1347329,168318,0,0,1515647,908881,184207,19545,19550,223302,223302,1355485,0,0,0,0,0,0,196581,2371,0,52,52,79,16692,144106,34299,430265,-1,54,32185,2014,5,5,85,41420,70834,34.7852651,-91.8989805
AR,AR0042,ARKANSAS COUNTY LIBRARY,ARKANSAS,0,2,2,434855,48918,0,0,483773,307415,32703,673,3975,37351,99774,444540,0,0,0,0,0,0,161961,0,0,52,52,90,5486,60521,18988,33660,-1,17,31475,2014,5,5,1,67490,18820,34.4830561,-91.5583768
AR,AR0043-002,TRUMANN PUBLIC LIBRARY,POINSETT,0,0,1,50150,0,0,0,50150,,6000,0,2500,8500,,33946,32150,0,0,0,32150,32150,12500,0,0,52,52,8,1560,9765,5223,7593,-1,3,3326,2014,5,5,111,70010,24222,35.6713293,-90.5228907
AR,AR0044-002,BELLA VISTA PUBLIC LIBRARY,BENTON,0,0,1,103782,0,0,148653,252435,,37546,399,4673,42618,,206980,0,0,0,0,0,9996,43721,0,0,52,52,68,2808,68858,4513,83036,-1,6,3547,2014,5,5,7,4840,237301,36.4750415,-94.2414138
AR,AR0046-003,SALINE COUNTY LIBRARY,SALINE,0,5,9,2538786,197092,0,107763,2843641,1630264,185138,173468,83517,442123,430785,2503172,0,0,0,0,0,87373,155279,4903,56,52,108,138,5798,298875,76583,509264,-1,80,38683,2014,5,5,125,5290,114185,34.5817344,-92.5702876
AR,AR0047-001,ROGERS PUBLIC LIBRARY,BENTON,0,9,11.6,1793274,111939,0,172926,2078139,1298823,150530,79551,50194,280275,383373,1962471,0,0,0,0,0,0,145222,10237,29,52,81,185,3420,234480,32144,475698,-1,67,35965,2014,5,5,7,60410,237301,36.328112,-94.143774
AR,AR0048-001,CRAWFORD COUNTY LIBRARY SYSTEM,CRAWFORD,0,1,6,1084870,119365,0,15923,1220158,627058,93537,13746,58515,165798,137765,930621,0,119365,0,0,119365,119365,145802,11189,7,52,59,51,15136,369061,30977,275589,-1,54,42047,2014,5,5,33,71480,61658,35.4366189,-94.3444915
AR,AR0049-001,CARROLL AND MADISON LIBRARY SYSTEM,CARROLL,0,4,4,980437,112702,0,51620,1144759,627939,157887,11960,66756,236603,401378,1265920,0,0,0,112702,112702,0,115973,14053,3,52,55,265,15782,204104,23689,335125,-1,37,50360,2014,5,5,15,5560,27760,36.3668524,-93.5696581
AR,AR0050-001,BOONE COUNTY LIBRARY,BOONE,0,1,1,483847,78727,0,59717,622291,339712,68617,5249,7500,81366,141377,562455,0,0,0,0,0,0,89360,11373,11,52,63,82,2658,147445,21290,199619,-1,25,34825,2014,5,5,9,30460,37389,36.229815,-93.1089222
AR,AR0051-001,NEWTON COUNTY,NEWTON,0,1,1,78634,31433,0,9669,119736,80522,11324,0,1344,12668,29911,123101,0,0,0,0,0,0,18099,0,0,52,52,11,2208,22580,3805,29370,-1,4,3709,2014,5,5,101,34900,8068,36.008644,-93.1876179
AR,AR0028,CLARK COUNTY LIBRARY,CLARK,0,0,1,275600,0,0,2550,278150,195500,39400,7200,3400,50000,151725,397225,0,0,0,0,0,58842,86771,178,0,52,52,275,3120,23900,11423,42867,-1,6,10000,2014,5,5,19,1870,22697,34.120952,-93.05422
AR,AR0061-001,LAFAYETTE COUNTY LIBRARY,LAFAYETTE,0,0,2,82504,8675,0,0,91179,66244,17438,0,0,17438,29487,113169,0,0,0,0,0,3210,17717,15560,0,52,52,67,3224,9807,490,16169,-1,12,9379,2014,5,5,73,39640,7245,33.357223,-93.575563
AR,AR0062,OUACHITA MOUNTAINS REGIONAL LIBRARY,MONTGOMERY,0,1,2,117740,55428,0,12306,185474,137305,8995,2590,866,12451,23342,173098,0,0,0,0,0,56118,48777,0,1,52,53,24,4335,33644,13168,57749,-1,13,11936,2014,5,5,97,47690,9216,34.5562952,-93.631846
AR,AR0063,PUBLIC LIBRARY OF CAMDEN & OUACHITA COUNTY,OUACHITA,0,0,1,137708,40972,0,26430,205110,131189,15000,0,2500,17500,44880,193569,0,0,0,0,0,0,10958,0,0,52,52,31,3398,15707,17150,23802,-1,10,7944,2014,5,5,103,10720,25013,33.582323,-92.846862
AR,AR0064,CALHOUN COUNTY LIBRARY,CALHOUN,0,0.27,1.45,130739,9290,0,8153,148182,81566,12395,1655,2894,16944,33016,131526,0,0,0,0,0,21804,18184,61,0,52,52,25,4115,21506,3708,27776,-1,9,6495,2014,5,5,13,29650,5219,33.537781,-92.471776
AR,AR0066,FAYETTEVILLE PUBLIC LIBRARY,WASHINGTON,0,9,9,3955776,138892,49658,251613,4395939,2368312,290521,119823,88861,499205,1354892,4222409,0,0,0,0,0,0,242681,15290,32,52,84,336,3214,575636,69451,1321329,-1,99,89314,2014,5,5,143,23290,216753,36.061997,-94.164984
AR,AR0065,PEA RIDGE COMMUNITY LIBRARY,BENTON,0,0.11,0.92,47551,1935,0,3123,52609,,5489,409,1222,7120,,50206,0,0,0,0,0,9337,13130,0,0,52,52,9,1677,9851,2275,13030,-1,8,3476,2014,5,5,7,54200,237301,36.45385,-94.114902
AR,AR0067-01,GRAVETTE PUBLIC LIBRARY,BENTON,0,0,1,93495,0,0,0,93495,,682,920,0,1602,,70896,0,0,0,0,0,0,13277,58,0,52,52,82,1920,12110,1774,8866,-1,17,4018,2014,5,5,7,28360,237301,36.4194607,-94.4497317
AR,AR0069,JIM G. FERGUSON SEARCY COUNTY LIBRARY,SEARCY,0,0,1,265000,0,0,0,265000,182660,17000,1000,500,18500,64322,265482,0,0,0,0,0,0,41105,1,4,52,56,26,2184,15979,4761,41214,-1,12,5031,2014,5,5,129,44300,7990,35.9089019,-92.629333
AR,AR0071,"FAIRFIELD BAY LIBRARY, INCORPORATED",VAN BUREN,0,0,1,5000,0,0,83665,88665,,13481,0,455,13936,,124285,0,0,0,0,0,0,14799,0,0,52,52,23,1300,15600,1810,13576,-1,11,4926,2014,5,5,141,22660,16965,35.6145269,-92.2613931
AR,AR0081,HEMPSTEAD COUNTY LIBRARY,HEMPSTEAD,0,1,1,457466,54806,0,0,512272,136018,23268,7880,2500,33648,30800,200466,0,0,0,0,0,0,44677,396,0,52,52,28,1975,24500,11521,28209,-1,4,5160,2014,5,5,57,33190,22398,33.6649861,-93.5921234
AR,AR0072,GENTRY PUBLIC LIBRARY,BENTON,0,0,1,160632,0,0,4600,165232,,2746,6747,1844,11337,,125414,0,0,0,0,0,0,16715,254,2,52,54,0,2360,21216,2675,30086,-1,16,6341,2014,5,5,7,26290,237301,36.267561,-94.484606
AR,AR0078,IVA JANE PEEK LIBRARY HQ,BENTON,0,0,1,30000,0,0,3781,33781,,3000,42,0,3042,,27176,0,0,0,0,0,0,8741,0,0,52,52,4,1040,3401,1182,1894,-1,13,2887,2014,5,5,7,17740,237301,36.335956,-94.460698
AR,AR0084,SILOAM SPRINGS PUBLIC LIBRARY HQ,BENTON,0,1,1,267336,0,0,0,267336,,19440,3000,12044,34484,,234412,30966,0,0,0,30966,30966,43383,9701,0,52,52,23,2987,96263,11867,102520,-1,11,16230,2014,5,5,7,64370,237301,36.186308,-94.545135
CO,CO9019-001,AGUILAR PUBLIC LIBRARY,LAS ANIMAS,0,0,0.3,6000,0,0,0,6000,,2094,0,0,2094,,7167,0,0,0,0,0,0,2794,0,0,0,0,0,576,1500,470,350,0,9,1027,2014,7,8,71,760,14444,37.4011949,-104.6570336
AR,AR0080,SULPHUR SPRINGS PUBLIC LIBRARY HQ,BENTON,0,0,0,40340,1905,0,3076,45321,,4729,353,1053,6135,,43252,0,0,0,0,0,8044,11311,0,0,52,52,8,1677,8486,1960,11225,-1,7,2994,2014,5,5,7,67760,237301,36.477913,-94.461037
AZ,AE-MIAMI,MIAMI MEMORIAL LIBRARY,GILA,0,0,1,79000,0,0,25251,104251,,2500,0,2000,4500,,73514,0,0,0,0,0,0,33840,0,4,26,30,5,1700,12375,3750,7429,0,10,5642,2014,6,4,7,46350,53063,33.3965975,-110.8691678
AS,FBPL,FELETI BARSTOW PUBLIC LIBRARY,MA'OPUTASI,0,1,8,0,365750,108000,15000,488750,311664,25573,20313,7852,53738,129056,494458,0,0,0,0,0,0,39890,0,0,2,2,2,2236,59264,20843,25938,-1,20,6687,2014,9,60,10,0,10299,-14.279331,-170.700912
AZ,AE-APACHE,APACHE COUNTY LIBRARY DISTRICT OFFICE,APACHE,0,2,9.2,1602892,25000,60333,30606,1718831,970997,89668,46047,47876,183591,407511,1562099,587700,0,0,0,587700,9523,60907,2289,5,26,31,143,10191,130949,11452,166897,3803,129,52087,2014,6,4,1,62350,71867,34.506576,-109.378196
AZ,AE-COCHISE,COCHISE COUNTY LIBRARY DISTRICT,COCHISE,1,3,3,1526318,23000,35021,2000,1586339,631972,62922,66832,35321,165075,700172,1497219,0,0,0,0,0,0,93380,1089,5,26,31,64,9326,33969,1469,69941,17758,25,9698,2014,6,4,3,6260,129744,31.443278,-109.916922
AZ,AE-CLIFTON,CLIFTON PUBLIC LIBRARY,GREENLEE,0,0,1,62738,14100,0,0,76838,,8638,3000,2833,14471,,76842,0,0,0,0,0,0,15310,544,0,26,26,17,1780,5098,503,3871,1032,6,1447,2014,6,4,11,14380,8944,33.046467,-109.290191
AZ,AE-SAFFORD,SAFFORD CITY-GRAHAM COUNTY LIBRARY,GRAHAM,0,0,1,517089,133000,48512,46492,745093,442438,21543,12115,4343,38001,253930,734369,0,0,0,0,0,0,33842,610,4,26,30,12,1797,104367,11980,96918,793,17,12039,2014,6,4,9,62000,37435,32.8313312,-109.7150276
AZ,AE-PARKER,PARKER PUBLIC LIBRARY,LA PAZ,0,0,0,175560,4370,12626,4778,197334,130500,5450,0,2260,7710,37350,175560,10000,0,0,0,10000,10000,15268,4391,0,26,26,0,1752,60176,10834,39685,697,20,11600,2014,6,4,12,53070,20331,34.1476628,-114.2952978
AZ,AE-MARICOPA,MARICOPA COUNTY LIBRARY DISTRICT OFFICE,MARICOPA,0,64,64,19995830,25000,74535,1634550,21729915,11130339,2354110,2041743,1177800,5573653,6049961,22753953,0,73564,0,0,73564,251549,459960,23171,17,26,43,1012,43472,3089014,145358,8157522,705130,396,523902,2014,6,4,13,55000,4013164,33.478012,-112.073879
AZ,AE-AVONDALE,AVONDALE PUBLIC LIBRARY,MARICOPA,0,4,5,1412579,0,136704,72219,1621502,804219,65232,92474,31653,189359,456900,1450478,0,0,0,0,0,0,80680,3353,14,26,40,86,5048,283160,22669,322798,3901,80,105188,2014,6,4,13,4720,4013164,33.445574,-112.302116
AZ,AE-BUCKEYE,BUCKEYE PUBLIC LIBRARY,MARICOPA,1,1,1,511882,0,30160,22163,564205,420609,51963,36201,4167,92331,82606,595546,0,0,0,0,0,0,32871,4270,2,26,28,33,3086,143085,19474,146294,2471,21,22525,2014,6,4,13,7940,4013164,33.372702,-112.583529
AZ,AE-CHANDLER,CHANDLER PUBLIC LIBRARY,MARICOPA,0,21,24,6147521,12205,30600,234559,6424885,4747910,443785,231995,94843,770623,906352,6424885,0,0,0,0,0,11007,352254,93412,35,26,61,451,12174,1266354,309229,2353040,191245,318,268565,2014,6,4,13,12000,4013164,33.302642,-111.837484
AZ,AE-GLENDALE,GLENDALE PUBLIC LIBRARY,MARICOPA,0,18.75,18.75,4936245,11645,11979,163376,5123245,3413327,318738,102724,176204,597666,365542,4376535,0,0,0,0,0,0,356949,233997,32,26,58,619,5577,694680,102303,1684862,-1,211,236226,2014,6,4,13,27820,4013164,33.5782731,-112.1880515
AZ,AE-MESA,CITY OF MESA MAIN LIBRARY,MARICOPA,0,24.6,25.6,6106493,22587,23990,310754,6463824,5078106,459870,203599,245174,908643,477075,6463824,145000,0,0,0,145000,66622,413749,88970,18,26,44,466,12132,1178137,147983,2941251,220070,147,277348,2014,6,4,13,46000,4013164,33.4172757,-111.8298459
AZ,AE-PHOENIX,PHOENIX PUBLIC LIBRARY,MARICOPA,0,70.7,70.7,32586439,404327,399006,876072,34265844,21114322,2965704,862751,1563735,5392190,7677097,34183609,500555,0,0,0,500555,82235,1637132,141570,41,26,67,2687,40813,4829056,943450,11186056,575634,734,1255638,2014,6,4,13,55000,4013164,33.463235,-112.073724
AZ,AE-SCOTTSDALE,SCOTTSDALE PUBLIC LIBRARY,MARICOPA,0,22.25,26.25,8595171,167907,28851,161663,8953592,6867129,539829,101070,405122,1046021,682021,8595171,0,0,0,0,0,0,396851,90383,22,26,48,578,15805,1371865,174482,3303197,215256,252,390892,2014,6,4,13,65000,4013164,33.492015,-111.921656
AZ,AE-TEMPE,TEMPE PUBLIC LIBRARY,MARICOPA,0,13.5,13.5,3648758,8322,0,0,3657080,2333899,232102,100455,87443,420000,894859,3648758,0,0,0,0,0,80207,257928,37854,10,26,36,193,2912,767787,140708,1014520,75421,142,168873,2014,6,4,13,73000,4013164,33.3902063,-111.9263947
AZ,AE-TOLLESON,TOLLESON PUBLIC LIBRARY,MARICOPA,0,0,1,379262,0,3960,200,383422,288184,14119,3000,6348,23467,10299,321950,10000,0,0,0,10000,8895,16510,28235,24,26,50,45,2458,31321,4415,37768,78,12,14266,2014,6,4,13,74190,4013164,33.45027,-112.266133
AZ,AE-WICKENBURG,WICKENBURG PUBLIC LIBRARY,MARICOPA,0,0.95,0.97,233045,0,0,0,233045,196888,12740,0,1938,14678,36356,247922,0,0,0,0,0,1284,33829,0,8,26,34,38,2122,119780,1495,68761,-1,9,8599,2014,6,4,13,82740,4013164,33.970201,-112.72983
AZ,AE-MOHAVE,MOHAVE COUNTY LIBRARY DISTRICT,MOHAVE,2,5,8,6034458,25000,39995,116620,6216073,2846609,398909,109058,146440,654407,2254133,5755149,0,0,0,0,0,186161,182536,1514,5,26,31,539,17827,759536,87143,827052,15399,239,220961,2014,6,4,15,37620,202855,35.2243675,-114.029158
AZ,AE-WHITERIVER,WHITERIVER PUBLIC LIBRARY,NAVAJO,0,0,0.8,52800,0,9500,4001,66301,43312,3385,0,500,3885,7546,54743,0,0,0,0,0,0,30487,1599,22,26,48,19,2624,32802,3132,14227,-1,28,9550,2014,6,4,17,82530,107346,33.8370339,-109.9639817
AZ,AE-PINAL,PINAL COUNTY LIBRARY DISTRICT,PINAL,0,4,4,1891970,7070,36880,23942,1959862,632531,83308,197773,32632,313713,1013618,1959862,0,0,0,0,0,118004,32977,3959,14,26,40,41,9032,127825,8901,108738,6666,46,28041,2014,6,4,21,23760,390965,33.031373,-111.388195
AZ,AE-PIMA,PIMA COUNTY PUBLIC LIBRARY,PIMA,1,107.5,107.5,29212825,51768,536001,1017451,30818045,18091608,2860864,1235000,839000,4934864,11539856,34566328,0,0,0,0,0,868349,1018191,13757,30,26,56,2832,73288,5777913,405419,5975915,276776,659,1434606,2014,6,,,,,,
